method;uri;name;controller;action;middleware;domaine;type;statut
GET;/activity-handler/hierarchy/{id?};activity-handler.hierarchy;ActivityController;hierarchy;"web Authenticate";D01;action;à-porter
GET;/activity-handler/list;activity-handler.list;ActivityController;list;"web Authenticate";D01;action;à-porter
GET;/settings/activities/export/excel;activities.export.excel;ActivityController;exportExcel;"web Authenticate";D01;export;à-porter
GET;/settings/activities/export/pdf;activities.export.pdf;ActivityController;exportPdf;"web Authenticate";D01;export;à-porter
GET;/tools;;ActivityController;index;"web Authenticate";D01;crud;à-porter
GET;/tools/activities;activities.index;ActivityController;index;"web Authenticate";D01;crud;à-porter
POST;/tools/activities;activities.store;ActivityController;store;"web Authenticate";D01;crud;à-porter
GET;/tools/activities/create;activities.create;ActivityController;create;"web Authenticate";D01;vue;abandonné
GET;/tools/activities/{activity};activities.show;ActivityController;show;"web Authenticate";D01;crud;à-porter
PUT|PATCH;/tools/activities/{activity};activities.update;ActivityController;update;"web Authenticate";D01;crud;à-porter
DELETE;/tools/activities/{activity};activities.destroy;ActivityController;destroy;"web Authenticate";D01;crud;à-porter
GET;/tools/activities/{activity}/edit;activities.edit;ActivityController;edit;"web Authenticate";D01;vue;abandonné
GET;/repositories/author-contact;author-contact.index;AuthorContactController;index;"web Authenticate";D01;crud;à-porter
POST;/repositories/author-contact;author-contact.store;AuthorContactController;store;"web Authenticate";D01;crud;à-porter
GET;/repositories/author-contact/create;author-contact.create;AuthorContactController;create;"web Authenticate";D01;vue;abandonné
GET;/repositories/author-contact/{author_contact};author-contact.show;AuthorContactController;show;"web Authenticate";D01;crud;à-porter
PUT|PATCH;/repositories/author-contact/{author_contact};author-contact.update;AuthorContactController;update;"web Authenticate";D01;crud;à-porter
DELETE;/repositories/author-contact/{author_contact};author-contact.destroy;AuthorContactController;destroy;"web Authenticate";D01;crud;à-porter
GET;/repositories/author-contact/{author_contact}/edit;author-contact.edit;AuthorContactController;edit;"web Authenticate";D01;vue;abandonné
GET;/repositories/authors/{author}/contacts/create;author-contact.create.for-author;AuthorContactController;create;"web Authenticate";D01;vue;abandonné
GET;/api/author-types;;AuthorController;authorTypesApi;"web Authenticate";D01;action;à-porter
GET;/api/authors;;AuthorController;indexApi;"web Authenticate";D01;action;à-porter
POST;/api/authors;;AuthorController;storeApi;"web Authenticate";D01;action;à-porter
GET;/tools/communicabilities;communicabilities.index;CommunicabilityController;index;"web Authenticate";D01;crud;à-porter
POST;/tools/communicabilities;communicabilities.store;CommunicabilityController;store;"web Authenticate";D01;crud;à-porter
GET;/tools/communicabilities/create;communicabilities.create;CommunicabilityController;create;"web Authenticate";D01;vue;abandonné
GET;/tools/communicabilities/{communicability};communicabilities.show;CommunicabilityController;show;"web Authenticate";D01;crud;à-porter
PUT|PATCH;/tools/communicabilities/{communicability};communicabilities.update;CommunicabilityController;update;"web Authenticate";D01;crud;à-porter
DELETE;/tools/communicabilities/{communicability};communicabilities.destroy;CommunicabilityController;destroy;"web Authenticate";D01;crud;à-porter
GET;/tools/communicabilities/{communicability}/edit;communicabilities.edit;CommunicabilityController;edit;"web Authenticate";D01;vue;abandonné
GET;/external/contacts;external.contacts.index;ExternalContactController;index;"web Authenticate";D01;crud;à-porter
POST;/external/contacts;external.contacts.store;ExternalContactController;store;"web Authenticate";D01;crud;à-porter
GET;/external/contacts/create;external.contacts.create;ExternalContactController;create;"web Authenticate";D01;vue;abandonné
GET;/external/contacts/{contact};external.contacts.show;ExternalContactController;show;"web Authenticate";D01;crud;à-porter
PUT|PATCH;/external/contacts/{contact};external.contacts.update;ExternalContactController;update;"web Authenticate";D01;crud;à-porter
DELETE;/external/contacts/{contact};external.contacts.destroy;ExternalContactController;destroy;"web Authenticate";D01;crud;à-porter
GET;/external/contacts/{contact}/edit;external.contacts.edit;ExternalContactController;edit;"web Authenticate";D01;vue;abandonné
GET;/external/organizations;external.organizations.index;ExternalOrganizationController;index;"web Authenticate";D01;crud;à-porter
POST;/external/organizations;external.organizations.store;ExternalOrganizationController;store;"web Authenticate";D01;crud;à-porter
GET;/external/organizations/create;external.organizations.create;ExternalOrganizationController;create;"web Authenticate";D01;vue;abandonné
GET;/external/organizations/{organization};external.organizations.show;ExternalOrganizationController;show;"web Authenticate";D01;crud;à-porter
PUT|PATCH;/external/organizations/{organization};external.organizations.update;ExternalOrganizationController;update;"web Authenticate";D01;crud;à-porter
DELETE;/external/organizations/{organization};external.organizations.destroy;ExternalOrganizationController;destroy;"web Authenticate";D01;crud;à-porter
GET;/external/organizations/{organization}/edit;external.organizations.edit;ExternalOrganizationController;edit;"web Authenticate";D01;vue;abandonné
GET;/repositories/keywords;keywords.index;KeywordController;index;"web Authenticate";D01;crud;à-porter
POST;/repositories/keywords;keywords.store;KeywordController;store;"web Authenticate";D01;crud;à-porter
POST;/repositories/keywords/process;keywords.process;KeywordController;processKeywords;"web Authenticate";D01;action;à-porter
GET;/repositories/keywords/search;keywords.search;KeywordController;search;"web Authenticate";D01;action;à-porter
PUT;/repositories/keywords/{keyword};keywords.update;KeywordController;update;"web Authenticate";D01;crud;à-porter
DELETE;/repositories/keywords/{keyword};keywords.destroy;KeywordController;destroy;"web Authenticate";D01;crud;à-porter
GET;/language/{locale};language.switch;LanguageController;switch;"web Authenticate";D01;action;à-porter
GET;/settings/languages;languages.index;LanguageController;index;"web Authenticate";D01;crud;à-porter
POST;/settings/languages;languages.store;LanguageController;store;"web Authenticate";D01;crud;à-porter
GET;/settings/languages/create;languages.create;LanguageController;create;"web Authenticate";D01;vue;abandonné
GET;/settings/languages/{language};languages.show;LanguageController;show;"web Authenticate";D01;crud;à-porter
PUT|PATCH;/settings/languages/{language};languages.update;LanguageController;update;"web Authenticate";D01;crud;à-porter
DELETE;/settings/languages/{language};languages.destroy;LanguageController;destroy;"web Authenticate";D01;crud;à-porter
GET;/settings/languages/{language}/edit;languages.edit;LanguageController;edit;"web Authenticate";D01;vue;abandonné
GET;/tools/laws/{law}/Articles;laws.Articles.index;LawArticleController;index;"web Authenticate";D01;crud;à-porter
POST;/tools/laws/{law}/Articles;laws.Articles.store;LawArticleController;store;"web Authenticate";D01;crud;à-porter
GET;/tools/laws/{law}/Articles/create;laws.Articles.create;LawArticleController;create;"web Authenticate";D01;vue;abandonné
GET;/tools/laws/{law}/Articles/{Article};laws.Articles.show;LawArticleController;show;"web Authenticate";D01;crud;à-porter
PUT|PATCH;/tools/laws/{law}/Articles/{Article};laws.Articles.update;LawArticleController;update;"web Authenticate";D01;crud;à-porter
DELETE;/tools/laws/{law}/Articles/{Article};laws.Articles.destroy;LawArticleController;destroy;"web Authenticate";D01;crud;à-porter
GET;/tools/laws/{law}/Articles/{Article}/edit;laws.Articles.edit;LawArticleController;edit;"web Authenticate";D01;vue;abandonné
GET;/tools/laws;laws.index;LawController;index;"web Authenticate";D01;crud;à-porter
POST;/tools/laws;laws.store;LawController;store;"web Authenticate";D01;crud;à-porter
GET;/tools/laws/create;laws.create;LawController;create;"web Authenticate";D01;vue;abandonné
GET;/tools/laws/{law};laws.show;LawController;show;"web Authenticate";D01;crud;à-porter
PUT|PATCH;/tools/laws/{law};laws.update;LawController;update;"web Authenticate";D01;crud;à-porter
DELETE;/tools/laws/{law};laws.destroy;LawController;destroy;"web Authenticate";D01;crud;à-porter
GET;/tools/laws/{law}/edit;laws.edit;LawController;edit;"web Authenticate";D01;vue;abandonné
GET;/settings/categories;settings.categories.index;SettingCategoryController;index;"web Authenticate";D01;crud;à-porter
POST;/settings/categories;settings.categories.store;SettingCategoryController;store;"web Authenticate";D01;crud;à-porter
GET;/settings/categories/create;settings.categories.create;SettingCategoryController;create;"web Authenticate";D01;vue;abandonné
GET;/settings/categories/tree;settings.categories.tree;SettingCategoryController;tree;"web Authenticate";D01;action;à-porter
GET;/settings/categories/{category};settings.categories.show;SettingCategoryController;show;"web Authenticate";D01;crud;à-porter
PUT|PATCH;/settings/categories/{category};settings.categories.update;SettingCategoryController;update;"web Authenticate";D01;crud;à-porter
DELETE;/settings/categories/{category};settings.categories.destroy;SettingCategoryController;destroy;"web Authenticate";D01;crud;à-porter
GET;/settings/categories/{category}/edit;settings.categories.edit;SettingCategoryController;edit;"web Authenticate";D01;vue;abandonné
GET;/settings/categories/{id}/settings;settings.categories.settings;SettingCategoryController;getSettings;"web Authenticate";D01;action;à-porter
GET;/settings;settings.home;SettingController;home;"web Authenticate";D01;action;à-porter
GET;/settings/definitions;settings.definitions.index;SettingController;index;"web Authenticate";D01;crud;à-porter
POST;/settings/definitions;settings.definitions.store;SettingController;store;"web Authenticate";D01;crud;à-porter
GET;/settings/definitions/create;settings.definitions.create;SettingController;create;"web Authenticate";D01;vue;abandonné
GET;/settings/definitions/{definition};settings.definitions.show;SettingController;show;"web Authenticate";D01;crud;à-porter
PUT|PATCH;/settings/definitions/{definition};settings.definitions.update;SettingController;update;"web Authenticate";D01;crud;à-porter
DELETE;/settings/definitions/{definition};settings.definitions.destroy;SettingController;destroy;"web Authenticate";D01;crud;à-porter
GET;/settings/definitions/{definition}/edit;settings.definitions.edit;SettingController;edit;"web Authenticate";D01;vue;abandonné
DELETE;/settings/definitions/{id}/reset-value;settings.definitions.reset-value;SettingController;resetValue;"web Authenticate";D01;action;à-porter
POST;/settings/definitions/{id}/set-value;settings.definitions.set-value;SettingController;setValue;"web Authenticate";D01;action;à-porter
GET;/settings/reference-lists;settings.reference-lists.index;"Settings\ReferenceListController";index;"web Authenticate";D01;crud;à-porter
POST;/settings/reference-lists;settings.reference-lists.store;"Settings\ReferenceListController";store;"web Authenticate";D01;crud;à-porter
GET;/settings/reference-lists/create;settings.reference-lists.create;"Settings\ReferenceListController";create;"web Authenticate";D01;vue;abandonné
POST;/settings/reference-lists/{referenceList}/values;settings.reference-lists.values.store;"Settings\ReferenceListController";addValue;"web Authenticate";D01;action;à-porter
PUT;/settings/reference-lists/{referenceList}/values/{value};settings.reference-lists.values.update;"Settings\ReferenceListController";updateValue;"web Authenticate";D01;action;à-porter
DELETE;/settings/reference-lists/{referenceList}/values/{value};settings.reference-lists.values.destroy;"Settings\ReferenceListController";deleteValue;"web Authenticate";D01;action;à-porter
GET;/settings/reference-lists/{reference_list};settings.reference-lists.show;"Settings\ReferenceListController";show;"web Authenticate";D01;crud;à-porter
PUT|PATCH;/settings/reference-lists/{reference_list};settings.reference-lists.update;"Settings\ReferenceListController";update;"web Authenticate";D01;crud;à-porter
DELETE;/settings/reference-lists/{reference_list};settings.reference-lists.destroy;"Settings\ReferenceListController";destroy;"web Authenticate";D01;crud;à-porter
GET;/settings/reference-lists/{reference_list}/edit;settings.reference-lists.edit;"Settings\ReferenceListController";edit;"web Authenticate";D01;vue;abandonné
GET;/tools/reference-lists;tools.reference-lists.index;"Settings\ReferenceListController";index;"web Authenticate";D01;crud;à-porter
POST;/tools/reference-lists;tools.reference-lists.store;"Settings\ReferenceListController";store;"web Authenticate";D01;crud;à-porter
GET;/tools/reference-lists/create;tools.reference-lists.create;"Settings\ReferenceListController";create;"web Authenticate";D01;vue;abandonné
POST;/tools/reference-lists/{referenceList}/values;tools.reference-lists.values.store;"Settings\ReferenceListController";addValue;"web Authenticate";D01;action;à-porter
PUT;/tools/reference-lists/{referenceList}/values/{value};tools.reference-lists.values.update;"Settings\ReferenceListController";updateValue;"web Authenticate";D01;action;à-porter
DELETE;/tools/reference-lists/{referenceList}/values/{value};tools.reference-lists.values.destroy;"Settings\ReferenceListController";deleteValue;"web Authenticate";D01;action;à-porter
GET;/tools/reference-lists/{reference_list};tools.reference-lists.show;"Settings\ReferenceListController";show;"web Authenticate";D01;crud;à-porter
PUT|PATCH;/tools/reference-lists/{reference_list};tools.reference-lists.update;"Settings\ReferenceListController";update;"web Authenticate";D01;crud;à-porter
DELETE;/tools/reference-lists/{reference_list};tools.reference-lists.destroy;"Settings\ReferenceListController";destroy;"web Authenticate";D01;crud;à-porter
GET;/tools/reference-lists/{reference_list}/edit;tools.reference-lists.edit;"Settings\ReferenceListController";edit;"web Authenticate";D01;vue;abandonné
GET;/settings/sorts;sorts.index;SortController;index;"web Authenticate";D01;crud;à-porter
POST;/settings/sorts;sorts.store;SortController;store;"web Authenticate";D01;crud;à-porter
GET;/settings/sorts/create;sorts.create;SortController;create;"web Authenticate";D01;vue;abandonné
GET;/settings/sorts/{sort};sorts.show;SortController;show;"web Authenticate";D01;crud;à-porter
PUT|PATCH;/settings/sorts/{sort};sorts.update;SortController;update;"web Authenticate";D01;crud;à-porter
DELETE;/settings/sorts/{sort};sorts.destroy;SortController;destroy;"web Authenticate";D01;crud;à-porter
GET;/settings/sorts/{sort}/edit;sorts.edit;SortController;edit;"web Authenticate";D01;vue;abandonné
GET;/tools/sorts;tools.sorts.index;SortController;index;"web Authenticate";D01;crud;à-porter
POST;/tools/sorts;tools.sorts.store;SortController;store;"web Authenticate";D01;crud;à-porter
GET;/tools/sorts/create;tools.sorts.create;SortController;create;"web Authenticate";D01;vue;abandonné
GET;/tools/sorts/{sort};tools.sorts.show;SortController;show;"web Authenticate";D01;crud;à-porter
PUT|PATCH;/tools/sorts/{sort};tools.sorts.update;SortController;update;"web Authenticate";D01;crud;à-porter
DELETE;/tools/sorts/{sort};tools.sorts.destroy;SortController;destroy;"web Authenticate";D01;crud;à-porter
GET;/tools/sorts/{sort}/edit;tools.sorts.edit;SortController;edit;"web Authenticate";D01;vue;abandonné
GET;/api/v1/metadata/all;api.v1.metadata.all;"Api\MetadataApiController";getAllMetadata;"api Authenticate:sanctum RateLimitMiddleware:api_general,200,60";D02;action;à-porter
GET;/api/v1/metadata/document-types/{typeId};api.v1.metadata.document-types;"Api\MetadataApiController";getDocumentTypeMetadata;"api Authenticate:sanctum RateLimitMiddleware:api_general,200,60";D02;action;à-porter
GET;/api/v1/metadata/folder-types/{typeId};api.v1.metadata.folder-types;"Api\MetadataApiController";getFolderTypeMetadata;"api Authenticate:sanctum RateLimitMiddleware:api_general,200,60";D02;action;à-porter
GET;/api/v1/digital-documents;api.v1.digital-documents.index;"Api\RecordDigitalDocumentApiController";index;"api Authenticate:sanctum RateLimitMiddleware:api_general,200,60";D02;crud;à-porter
POST;/api/v1/digital-documents;api.v1.digital-documents.store;"Api\RecordDigitalDocumentApiController";store;"api Authenticate:sanctum RateLimitMiddleware:api_general,200,60";D02;crud;à-porter
GET;/api/v1/digital-documents-search;api.v1.digital-documents.search;"Api\RecordDigitalDocumentApiController";search;"api Authenticate:sanctum RateLimitMiddleware:api_general,200,60";D02;action;à-porter
GET;/api/v1/digital-documents/{digital_document};api.v1.digital-documents.show;"Api\RecordDigitalDocumentApiController";show;"api Authenticate:sanctum RateLimitMiddleware:api_general,200,60";D02;crud;à-porter
PUT|PATCH;/api/v1/digital-documents/{digital_document};api.v1.digital-documents.update;"Api\RecordDigitalDocumentApiController";update;"api Authenticate:sanctum RateLimitMiddleware:api_general,200,60";D02;crud;à-porter
DELETE;/api/v1/digital-documents/{digital_document};api.v1.digital-documents.destroy;"Api\RecordDigitalDocumentApiController";destroy;"api Authenticate:sanctum RateLimitMiddleware:api_general,200,60";D02;crud;à-porter
POST;/api/v1/digital-documents/{id}/approve;api.v1.digital-documents.approve;"Api\RecordDigitalDocumentApiController";approve;"api Authenticate:sanctum RateLimitMiddleware:api_general,200,60";D02;action;à-porter
GET;/api/v1/digital-documents/{id}/download;api.v1.digital-documents.download;"Api\RecordDigitalDocumentApiController";download;"api Authenticate:sanctum RateLimitMiddleware:api_general,200,60";D02;export;à-porter
POST;/api/v1/digital-documents/{id}/reject;api.v1.digital-documents.reject;"Api\RecordDigitalDocumentApiController";reject;"api Authenticate:sanctum RateLimitMiddleware:api_general,200,60";D02;action;à-porter
POST;/api/v1/digital-documents/{id}/submit;api.v1.digital-documents.submit;"Api\RecordDigitalDocumentApiController";submitForApproval;"api Authenticate:sanctum RateLimitMiddleware:api_general,200,60";D02;action;à-porter
POST;/api/v1/digital-documents/{id}/versions;api.v1.digital-documents.create-version;"Api\RecordDigitalDocumentApiController";createVersion;"api Authenticate:sanctum RateLimitMiddleware:api_general,200,60";D02;action;à-porter
GET;/api/v1/digital-documents/{id}/versions;api.v1.digital-documents.versions;"Api\RecordDigitalDocumentApiController";versions;"api Authenticate:sanctum RateLimitMiddleware:api_general,200,60";D02;action;à-porter
GET;/api/v1/digital-folders;api.v1.digital-folders.index;"Api\RecordDigitalFolderApiController";index;"api Authenticate:sanctum RateLimitMiddleware:api_general,200,60";D02;crud;à-porter
POST;/api/v1/digital-folders;api.v1.digital-folders.store;"Api\RecordDigitalFolderApiController";store;"api Authenticate:sanctum RateLimitMiddleware:api_general,200,60";D02;crud;à-porter
GET;/api/v1/digital-folders-roots;api.v1.digital-folders.roots;"Api\RecordDigitalFolderApiController";roots;"api Authenticate:sanctum RateLimitMiddleware:api_general,200,60";D02;action;à-porter
GET;/api/v1/digital-folders-tree;api.v1.digital-folders.tree;"Api\RecordDigitalFolderApiController";tree;"api Authenticate:sanctum RateLimitMiddleware:api_general,200,60";D02;action;à-porter
GET;/api/v1/digital-folders/{digital_folder};api.v1.digital-folders.show;"Api\RecordDigitalFolderApiController";show;"api Authenticate:sanctum RateLimitMiddleware:api_general,200,60";D02;crud;à-porter
PUT|PATCH;/api/v1/digital-folders/{digital_folder};api.v1.digital-folders.update;"Api\RecordDigitalFolderApiController";update;"api Authenticate:sanctum RateLimitMiddleware:api_general,200,60";D02;crud;à-porter
DELETE;/api/v1/digital-folders/{digital_folder};api.v1.digital-folders.destroy;"Api\RecordDigitalFolderApiController";destroy;"api Authenticate:sanctum RateLimitMiddleware:api_general,200,60";D02;crud;à-porter
GET;/api/v1/digital-folders/{id}/ancestors;api.v1.digital-folders.ancestors;"Api\RecordDigitalFolderApiController";ancestors;"api Authenticate:sanctum RateLimitMiddleware:api_general,200,60";D02;action;à-porter
POST;/api/v1/digital-folders/{id}/move;api.v1.digital-folders.move;"Api\RecordDigitalFolderApiController";move;"api Authenticate:sanctum RateLimitMiddleware:api_general,200,60";D02;action;à-porter
GET;/api/v1/digital-folders/{id}/statistics;api.v1.digital-folders.statistics;"Api\RecordDigitalFolderApiController";statistics;"api Authenticate:sanctum RateLimitMiddleware:api_general,200,60";D02;action;à-porter
GET;/api/records/search;api.records.search;"Api\RecordSearchController";search;"web Authenticate";D02;action;à-porter
POST;/repositories/attachments/upload-temp;attachments.upload-temp;RecordAttachmentController;uploadTemp;"web Authenticate";D02;upload;à-porter
GET;/repositories/records/{record}/attachments;records.attachments.index;RecordAttachmentController;index;"web Authenticate";D02;crud;à-porter
POST;/repositories/records/{record}/attachments;records.attachments.store;RecordAttachmentController;store;"web Authenticate";D02;crud;à-porter
GET;/repositories/records/{record}/attachments/create;records.attachments.create;RecordAttachmentController;create;"web Authenticate";D02;vue;abandonné
GET;/repositories/records/{record}/attachments/{attachment};records.attachments.show;RecordAttachmentController;show;"web Authenticate";D02;crud;à-porter
PUT|PATCH;/repositories/records/{record}/attachments/{attachment};records.attachments.update;RecordAttachmentController;update;"web Authenticate";D02;crud;à-porter
DELETE;/repositories/records/{record}/attachments/{attachment};records.attachments.destroy;RecordAttachmentController;destroy;"web Authenticate";D02;crud;à-porter
GET;/repositories/records/{record}/attachments/{attachment}/edit;records.attachments.edit;RecordAttachmentController;edit;"web Authenticate";D02;vue;abandonné
GET;/repositories/upload-diagnostics;upload.diagnostics;RecordAttachmentController;diagnostics;"web Authenticate";D02;action;à-porter
GET;/author-handler;author-handler.index.index;RecordAuthorController;index;"web Authenticate";D02;crud;à-porter
POST;/author-handler;author-handler.index.store;RecordAuthorController;store;"web Authenticate";D02;crud;à-porter
GET;/author-handler/create;author-handler.index.create;RecordAuthorController;create;"web Authenticate";D02;vue;abandonné
GET;/author-handler/list;author-handler.list;RecordAuthorController;list;"web Authenticate";D02;action;à-porter
GET;/author-handler/list/types;author-handler.types;RecordAuthorController;getAuthorTypes;"web Authenticate";D02;action;à-porter
GET;/author-handler/select-modal;author-handler.select-modal;RecordAuthorController;selectModal;"web Authenticate";D02;action;à-porter
POST;/author-handler/store;author-handler.store;RecordAuthorController;storeAjax;"web Authenticate";D02;action;à-porter
GET;/author-handler/{};author-handler.index.show;RecordAuthorController;show;"web Authenticate";D02;crud;à-porter
PUT|PATCH;/author-handler/{};author-handler.index.update;RecordAuthorController;update;"web Authenticate";D02;crud;à-porter
DELETE;/author-handler/{};author-handler.index.destroy;RecordAuthorController;destroy;"web Authenticate";D02;crud;à-porter
GET;/author-handler/{}/edit;author-handler.index.edit;RecordAuthorController;edit;"web Authenticate";D02;vue;abandonné
GET;/repositories/authors;record-author.index;RecordAuthorController;index;"web Authenticate";D02;crud;à-porter
POST;/repositories/authors;record-author.store;RecordAuthorController;store;"web Authenticate";D02;crud;à-porter
GET;/repositories/authors/create;record-author.create;RecordAuthorController;create;"web Authenticate";D02;vue;abandonné
GET;/repositories/authors/list;record-author.list;RecordAuthorController;list;"web Authenticate";D02;action;à-porter
GET;/repositories/authors/{author};record-author.show;RecordAuthorController;show;"web Authenticate";D02;crud;à-porter
PUT|PATCH;/repositories/authors/{author};record-author.update;RecordAuthorController;update;"web Authenticate";D02;crud;à-porter
DELETE;/repositories/authors/{author};record-author.destroy;RecordAuthorController;destroy;"web Authenticate";D02;crud;à-porter
GET;/repositories/authors/{author}/edit;record-author.edit;RecordAuthorController;edit;"web Authenticate";D02;vue;abandonné
GET;/repositories/records/{record}/child;record-child.index;RecordChildController;index;"web Authenticate";D02;crud;à-porter
POST;/repositories/records/{record}/child;record-child.store;RecordChildController;store;"web Authenticate";D02;crud;à-porter
GET;/repositories/records/{record}/child/create;record-child.create;RecordChildController;create;"web Authenticate";D02;vue;abandonné
GET;/repositories/records/{record}/child/{child};record-child.show;RecordChildController;show;"web Authenticate";D02;crud;à-porter
PUT|PATCH;/repositories/records/{record}/child/{child};record-child.update;RecordChildController;update;"web Authenticate";D02;crud;à-porter
DELETE;/repositories/records/{record}/child/{child};record-child.destroy;RecordChildController;destroy;"web Authenticate";D02;crud;à-porter
GET;/repositories/records/{record}/child/{child}/edit;record-child.edit;RecordChildController;edit;"web Authenticate";D02;vue;abandonné
POST;/repositories/records/container/insert;record-container-insert;RecordContainerController;store;"web Authenticate";D02;crud;à-porter
POST;/repositories/records/container/remove;record-container-remove;RecordContainerController;destroy;"web Authenticate";D02;crud;à-porter
GET;/repositories;;RecordController;index;"web Authenticate";D02;crud;à-porter
GET;/repositories/physical;records.physical;RecordController;indexPhysical;"web Authenticate";D02;action;à-porter
GET;/repositories/records;records.index;RecordController;index;"web Authenticate";D02;crud;à-porter
POST;/repositories/records;records.store;RecordController;store;"web Authenticate";D02;crud;à-porter
POST;/repositories/records/bulk-communicate;records.bulk-communicate;RecordController;bulkCommunicate;"web Authenticate";D02;action;à-porter
POST;/repositories/records/bulk-export;records.bulk-export;RecordController;bulkExport;"web Authenticate";D02;action;à-porter
POST;/repositories/records/bulk-print;records.bulk-print;RecordController;bulkPrint;"web Authenticate";D02;action;à-porter
POST;/repositories/records/bulk-transfer;records.bulk-transfer;RecordController;bulkTransfer;"web Authenticate";D02;action;à-porter
GET;/repositories/records/create;records.create;RecordController;create;"web Authenticate";D02;vue;abandonné
GET;/repositories/records/terms/autocomplete;records.terms.autocomplete;RecordController;autocompleteTerms;"web Authenticate";D02;action;à-porter
GET;/repositories/records/tree/data;records.tree;RecordController;tree;"web Authenticate";D02;action;à-porter
GET;/repositories/records/tree/view;records.tree.view;RecordController;treeView;"web Authenticate";D02;action;à-porter
GET;/repositories/records/type-metadata-fields;records.type-metadata-fields;RecordController;typeMetadataFields;"web Authenticate";D02;action;à-porter
GET;/repositories/records/{record};records.show;RecordController;show;"web Authenticate";D02;crud;à-porter
PUT|PATCH;/repositories/records/{record};records.update;RecordController;update;"web Authenticate";D02;crud;à-porter
DELETE;/repositories/records/{record};records.destroy;RecordController;destroy;"web Authenticate";D02;crud;à-porter
POST;/repositories/records/{record}/add-medium;records.add-medium;RecordController;addMedium;"web Authenticate";D02;action;à-porter
GET;/repositories/records/{record}/edit;records.edit;RecordController;edit;"web Authenticate";D02;vue;abandonné
DELETE;/repositories/records/{record}/mediums/{medium};records.remove-medium;RecordController;removeMedium;"web Authenticate";D02;action;à-porter
POST;/repositories/records/{record}/mediums/{medium}/cancel-checkout;records.mediums.cancel-checkout;RecordController;cancelCheckout;"web Authenticate";D02;action;à-porter
POST;/repositories/records/{record}/mediums/{medium}/checkin;records.mediums.checkin;RecordController;checkin;"web Authenticate";D02;action;à-porter
POST;/repositories/records/{record}/mediums/{medium}/checkout;records.mediums.checkout;RecordController;checkout;"web Authenticate";D02;action;à-porter
GET;/repositories/records/{record}/mediums/{medium}/download;records.mediums.download;RecordController;download;"web Authenticate";D02;export;à-porter
POST;/repositories/records/{record}/mediums/{medium}/revoke-signature;records.mediums.revoke-signature;RecordController;revokeSignature;"web Authenticate";D02;action;à-porter
POST;/repositories/records/{record}/mediums/{medium}/sign;records.mediums.sign;RecordController;sign;"web Authenticate";D02;action;à-porter
POST;/repositories/records/{record}/mediums/{medium}/verify-signature;records.mediums.verify-signature;RecordController;verifySignature;"web Authenticate";D02;action;à-porter
POST;/repositories/records/{record}/move;records.move;RecordController;move;"web Authenticate";D02;action;à-porter
POST;/repositories/records/{record}/versions;records.create-version;RecordController;createVersion;"web Authenticate";D02;action;à-porter
GET;/repositories/records/{record}/versions;records.versions;RecordController;versions;"web Authenticate";D02;action;à-porter
GET;/repositories/search;records.search;RecordController;search;"web Authenticate";D02;action;à-porter
POST;/api/v1/record-digital-transfer;api.v1.record-digital-transfer.store;RecordDigitalTransferController;store;"api Authenticate:sanctum RateLimitMiddleware:api_general,200,60";D02;crud;à-porter
DELETE;/api/v1/record-digital-transfer/cancel;api.v1.record-digital-transfer.cancel;RecordDigitalTransferController;cancel;"api Authenticate:sanctum RateLimitMiddleware:api_general,200,60";D02;action;à-porter
GET;/api/v1/record-digital-transfer/form;api.v1.record-digital-transfer.form;RecordDigitalTransferController;showTransferForm;"api Authenticate:sanctum RateLimitMiddleware:api_general,200,60";D02;action;à-porter
GET;/repositories/records/drag-drop;records.drag-drop;RecordDragDropController;dragDropForm;"web Authenticate";D02;action;à-porter
POST;/repositories/records/drag-drop;records.drag-drop.process;RecordDragDropController;processDragDrop;"web Authenticate";D02;action;à-porter
GET;/record-reactivations;record-reactivations.index;RecordReactivationController;index;"web Authenticate";D02;crud;à-porter
POST;/record-reactivations;record-reactivations.store;RecordReactivationController;store;"web Authenticate";D02;crud;à-porter
GET;/record-reactivations/create/{record};record-reactivations.create;RecordReactivationController;create;"web Authenticate";D02;vue;abandonné
POST;/record-reactivations/{reactivation}/approve;record-reactivations.approve;RecordReactivationController;approve;"web Authenticate";D02;action;à-porter
POST;/record-reactivations/{reactivation}/reject;record-reactivations.reject;RecordReactivationController;reject;"web Authenticate";D02;action;à-porter
GET;/settings/record-statuses;record-statuses.index;RecordStatusController;index;"web Authenticate";D02;crud;à-porter
POST;/settings/record-statuses;record-statuses.store;RecordStatusController;store;"web Authenticate";D02;crud;à-porter
GET;/settings/record-statuses/create;record-statuses.create;RecordStatusController;create;"web Authenticate";D02;vue;abandonné
GET;/settings/record-statuses/{record_status};record-statuses.show;RecordStatusController;show;"web Authenticate";D02;crud;à-porter
PUT|PATCH;/settings/record-statuses/{record_status};record-statuses.update;RecordStatusController;update;"web Authenticate";D02;crud;à-porter
DELETE;/settings/record-statuses/{record_status};record-statuses.destroy;RecordStatusController;destroy;"web Authenticate";D02;crud;à-porter
GET;/settings/record-statuses/{record_status}/edit;record-statuses.edit;RecordStatusController;edit;"web Authenticate";D02;vue;abandonné
GET;/tools/record-statuses;tools.record-statuses.index;RecordStatusController;index;"web Authenticate";D02;crud;à-porter
POST;/tools/record-statuses;tools.record-statuses.store;RecordStatusController;store;"web Authenticate";D02;crud;à-porter
GET;/tools/record-statuses/create;tools.record-statuses.create;RecordStatusController;create;"web Authenticate";D02;vue;abandonné
GET;/tools/record-statuses/{record_status};tools.record-statuses.show;RecordStatusController;show;"web Authenticate";D02;crud;à-porter
PUT|PATCH;/tools/record-statuses/{record_status};tools.record-statuses.update;RecordStatusController;update;"web Authenticate";D02;crud;à-porter
DELETE;/tools/record-statuses/{record_status};tools.record-statuses.destroy;RecordStatusController;destroy;"web Authenticate";D02;crud;à-porter
GET;/tools/record-statuses/{record_status}/edit;tools.record-statuses.edit;RecordStatusController;edit;"web Authenticate";D02;vue;abandonné
GET;/settings/record-supports;record-supports.index;RecordSupportController;index;"web Authenticate";D02;crud;à-porter
POST;/settings/record-supports;record-supports.store;RecordSupportController;store;"web Authenticate";D02;crud;à-porter
GET;/settings/record-supports/create;record-supports.create;RecordSupportController;create;"web Authenticate";D02;vue;abandonné
GET;/settings/record-supports/{record_support};record-supports.show;RecordSupportController;show;"web Authenticate";D02;crud;à-porter
PUT|PATCH;/settings/record-supports/{record_support};record-supports.update;RecordSupportController;update;"web Authenticate";D02;crud;à-porter
DELETE;/settings/record-supports/{record_support};record-supports.destroy;RecordSupportController;destroy;"web Authenticate";D02;crud;à-porter
GET;/settings/record-supports/{record_support}/edit;record-supports.edit;RecordSupportController;edit;"web Authenticate";D02;vue;abandonné
GET;/tools/record-supports;tools.record-supports.index;RecordSupportController;index;"web Authenticate";D02;crud;à-porter
POST;/tools/record-supports;tools.record-supports.store;RecordSupportController;store;"web Authenticate";D02;crud;à-porter
GET;/tools/record-supports/create;tools.record-supports.create;RecordSupportController;create;"web Authenticate";D02;vue;abandonné
GET;/tools/record-supports/{record_support};tools.record-supports.show;RecordSupportController;show;"web Authenticate";D02;crud;à-porter
PUT|PATCH;/tools/record-supports/{record_support};tools.record-supports.update;RecordSupportController;update;"web Authenticate";D02;crud;à-porter
DELETE;/tools/record-supports/{record_support};tools.record-supports.destroy;RecordSupportController;destroy;"web Authenticate";D02;crud;à-porter
GET;/tools/record-supports/{record_support}/edit;tools.record-supports.edit;RecordSupportController;edit;"web Authenticate";D02;vue;abandonné
GET;/settings/document-types/{documentType}/metadata-profiles;settings.document-types.metadata-profiles.index;"Settings\DocumentTypeMetadataProfileController";index;"web Authenticate";D02;crud;à-porter
POST;/settings/document-types/{documentType}/metadata-profiles;settings.document-types.metadata-profiles.store;"Settings\DocumentTypeMetadataProfileController";store;"web Authenticate";D02;crud;à-porter
PUT;/settings/document-types/{documentType}/metadata-profiles/bulk;settings.document-types.metadata-profiles.bulk-update;"Settings\DocumentTypeMetadataProfileController";bulkUpdate;"web Authenticate";D02;action;à-porter
PUT;/settings/document-types/{documentType}/metadata-profiles/{profile};settings.document-types.metadata-profiles.update;"Settings\DocumentTypeMetadataProfileController";update;"web Authenticate";D02;crud;à-porter
DELETE;/settings/document-types/{documentType}/metadata-profiles/{profile};settings.document-types.metadata-profiles.destroy;"Settings\DocumentTypeMetadataProfileController";destroy;"web Authenticate";D02;crud;à-porter
GET;/settings/folder-types/{folderType}/metadata-profiles;settings.folder-types.metadata-profiles.index;"Settings\FolderTypeMetadataProfileController";index;"web Authenticate";D02;crud;à-porter
POST;/settings/folder-types/{folderType}/metadata-profiles;settings.folder-types.metadata-profiles.store;"Settings\FolderTypeMetadataProfileController";store;"web Authenticate";D02;crud;à-porter
PUT;/settings/folder-types/{folderType}/metadata-profiles/bulk;settings.folder-types.metadata-profiles.bulk-update;"Settings\FolderTypeMetadataProfileController";bulkUpdate;"web Authenticate";D02;action;à-porter
PUT;/settings/folder-types/{folderType}/metadata-profiles/{profile};settings.folder-types.metadata-profiles.update;"Settings\FolderTypeMetadataProfileController";update;"web Authenticate";D02;crud;à-porter
DELETE;/settings/folder-types/{folderType}/metadata-profiles/{profile};settings.folder-types.metadata-profiles.destroy;"Settings\FolderTypeMetadataProfileController";destroy;"web Authenticate";D02;crud;à-porter
GET;/settings/metadata-definitions;settings.metadata-definitions.index;"Settings\MetadataDefinitionController";index;"web Authenticate";D02;crud;à-porter
POST;/settings/metadata-definitions;settings.metadata-definitions.store;"Settings\MetadataDefinitionController";store;"web Authenticate";D02;crud;à-porter
GET;/settings/metadata-definitions/create;settings.metadata-definitions.create;"Settings\MetadataDefinitionController";create;"web Authenticate";D02;vue;abandonné
GET;/settings/metadata-definitions/{metadata_definition};settings.metadata-definitions.show;"Settings\MetadataDefinitionController";show;"web Authenticate";D02;crud;à-porter
PUT|PATCH;/settings/metadata-definitions/{metadata_definition};settings.metadata-definitions.update;"Settings\MetadataDefinitionController";update;"web Authenticate";D02;crud;à-porter
DELETE;/settings/metadata-definitions/{metadata_definition};settings.metadata-definitions.destroy;"Settings\MetadataDefinitionController";destroy;"web Authenticate";D02;crud;à-porter
GET;/settings/metadata-definitions/{metadata_definition}/edit;settings.metadata-definitions.edit;"Settings\MetadataDefinitionController";edit;"web Authenticate";D02;vue;abandonné
GET;/tools/metadata-definitions;tools.metadata-definitions.index;"Settings\MetadataDefinitionController";index;"web Authenticate";D02;crud;à-porter
POST;/tools/metadata-definitions;tools.metadata-definitions.store;"Settings\MetadataDefinitionController";store;"web Authenticate";D02;crud;à-porter
GET;/tools/metadata-definitions/create;tools.metadata-definitions.create;"Settings\MetadataDefinitionController";create;"web Authenticate";D02;vue;abandonné
GET;/tools/metadata-definitions/{metadata_definition};tools.metadata-definitions.show;"Settings\MetadataDefinitionController";show;"web Authenticate";D02;crud;à-porter
PUT|PATCH;/tools/metadata-definitions/{metadata_definition};tools.metadata-definitions.update;"Settings\MetadataDefinitionController";update;"web Authenticate";D02;crud;à-porter
DELETE;/tools/metadata-definitions/{metadata_definition};tools.metadata-definitions.destroy;"Settings\MetadataDefinitionController";destroy;"web Authenticate";D02;crud;à-porter
GET;/tools/metadata-definitions/{metadata_definition}/edit;tools.metadata-definitions.edit;"Settings\MetadataDefinitionController";edit;"web Authenticate";D02;vue;abandonné
GET;/settings/document-types;settings.document-types.index;"Settings\RecordDigitalDocumentTypeController";index;"web Authenticate";D02;crud;à-porter
POST;/settings/document-types;settings.document-types.store;"Settings\RecordDigitalDocumentTypeController";store;"web Authenticate";D02;crud;à-porter
GET;/settings/document-types/create;settings.document-types.create;"Settings\RecordDigitalDocumentTypeController";create;"web Authenticate";D02;vue;abandonné
POST;/settings/document-types/order/update;settings.document-types.update-order;"Settings\RecordDigitalDocumentTypeController";updateOrder;"web Authenticate";D02;action;à-porter
GET;/settings/document-types/{document_type};settings.document-types.show;"Settings\RecordDigitalDocumentTypeController";show;"web Authenticate";D02;crud;à-porter
PUT|PATCH;/settings/document-types/{document_type};settings.document-types.update;"Settings\RecordDigitalDocumentTypeController";update;"web Authenticate";D02;crud;à-porter
DELETE;/settings/document-types/{document_type};settings.document-types.destroy;"Settings\RecordDigitalDocumentTypeController";destroy;"web Authenticate";D02;crud;à-porter
GET;/settings/document-types/{document_type}/edit;settings.document-types.edit;"Settings\RecordDigitalDocumentTypeController";edit;"web Authenticate";D02;vue;abandonné
GET;/tools/document-types;tools.document-types.index;"Settings\RecordDigitalDocumentTypeController";index;"web Authenticate";D02;crud;à-porter
POST;/tools/document-types;tools.document-types.store;"Settings\RecordDigitalDocumentTypeController";store;"web Authenticate";D02;crud;à-porter
GET;/tools/document-types/create;tools.document-types.create;"Settings\RecordDigitalDocumentTypeController";create;"web Authenticate";D02;vue;abandonné
POST;/tools/document-types/order/update;tools.document-types.update-order;"Settings\RecordDigitalDocumentTypeController";updateOrder;"web Authenticate";D02;action;à-porter
GET;/tools/document-types/{document_type};tools.document-types.show;"Settings\RecordDigitalDocumentTypeController";show;"web Authenticate";D02;crud;à-porter
PUT|PATCH;/tools/document-types/{document_type};tools.document-types.update;"Settings\RecordDigitalDocumentTypeController";update;"web Authenticate";D02;crud;à-porter
DELETE;/tools/document-types/{document_type};tools.document-types.destroy;"Settings\RecordDigitalDocumentTypeController";destroy;"web Authenticate";D02;crud;à-porter
GET;/tools/document-types/{document_type}/edit;tools.document-types.edit;"Settings\RecordDigitalDocumentTypeController";edit;"web Authenticate";D02;vue;abandonné
GET;/settings/folder-types;settings.folder-types.index;"Settings\RecordDigitalFolderTypeController";index;"web Authenticate";D02;crud;à-porter
POST;/settings/folder-types;settings.folder-types.store;"Settings\RecordDigitalFolderTypeController";store;"web Authenticate";D02;crud;à-porter
GET;/settings/folder-types/create;settings.folder-types.create;"Settings\RecordDigitalFolderTypeController";create;"web Authenticate";D02;vue;abandonné
POST;/settings/folder-types/order/update;settings.folder-types.update-order;"Settings\RecordDigitalFolderTypeController";updateOrder;"web Authenticate";D02;action;à-porter
GET;/settings/folder-types/{folder_type};settings.folder-types.show;"Settings\RecordDigitalFolderTypeController";show;"web Authenticate";D02;crud;à-porter
PUT|PATCH;/settings/folder-types/{folder_type};settings.folder-types.update;"Settings\RecordDigitalFolderTypeController";update;"web Authenticate";D02;crud;à-porter
DELETE;/settings/folder-types/{folder_type};settings.folder-types.destroy;"Settings\RecordDigitalFolderTypeController";destroy;"web Authenticate";D02;crud;à-porter
GET;/settings/folder-types/{folder_type}/edit;settings.folder-types.edit;"Settings\RecordDigitalFolderTypeController";edit;"web Authenticate";D02;vue;abandonné
GET;/tools/folder-types;tools.folder-types.index;"Settings\RecordDigitalFolderTypeController";index;"web Authenticate";D02;crud;à-porter
POST;/tools/folder-types;tools.folder-types.store;"Settings\RecordDigitalFolderTypeController";store;"web Authenticate";D02;crud;à-porter
GET;/tools/folder-types/create;tools.folder-types.create;"Settings\RecordDigitalFolderTypeController";create;"web Authenticate";D02;vue;abandonné
POST;/tools/folder-types/order/update;tools.folder-types.update-order;"Settings\RecordDigitalFolderTypeController";updateOrder;"web Authenticate";D02;action;à-porter
GET;/tools/folder-types/{folder_type};tools.folder-types.show;"Settings\RecordDigitalFolderTypeController";show;"web Authenticate";D02;crud;à-porter
PUT|PATCH;/tools/folder-types/{folder_type};tools.folder-types.update;"Settings\RecordDigitalFolderTypeController";update;"web Authenticate";D02;crud;à-porter
DELETE;/tools/folder-types/{folder_type};tools.folder-types.destroy;"Settings\RecordDigitalFolderTypeController";destroy;"web Authenticate";D02;crud;à-porter
GET;/tools/folder-types/{folder_type}/edit;tools.folder-types.edit;"Settings\RecordDigitalFolderTypeController";edit;"web Authenticate";D02;vue;abandonné
GET;/settings/record-types;settings.record-types.index;"Settings\RecordTypeController";index;"web Authenticate";D02;crud;à-porter
POST;/settings/record-types;settings.record-types.store;"Settings\RecordTypeController";store;"web Authenticate";D02;crud;à-porter
GET;/settings/record-types/create;settings.record-types.create;"Settings\RecordTypeController";create;"web Authenticate";D02;vue;abandonné
PUT|PATCH;/settings/record-types/{record_type};settings.record-types.update;"Settings\RecordTypeController";update;"web Authenticate";D02;crud;à-porter
DELETE;/settings/record-types/{record_type};settings.record-types.destroy;"Settings\RecordTypeController";destroy;"web Authenticate";D02;crud;à-porter
GET;/settings/record-types/{record_type}/edit;settings.record-types.edit;"Settings\RecordTypeController";edit;"web Authenticate";D02;vue;abandonné
GET;/tools/record-types;tools.record-types.index;"Settings\RecordTypeController";index;"web Authenticate";D02;crud;à-porter
POST;/tools/record-types;tools.record-types.store;"Settings\RecordTypeController";store;"web Authenticate";D02;crud;à-porter
GET;/tools/record-types/create;tools.record-types.create;"Settings\RecordTypeController";create;"web Authenticate";D02;vue;abandonné
PUT|PATCH;/tools/record-types/{record_type};tools.record-types.update;"Settings\RecordTypeController";update;"web Authenticate";D02;crud;à-porter
DELETE;/tools/record-types/{record_type};tools.record-types.destroy;"Settings\RecordTypeController";destroy;"web Authenticate";D02;crud;à-porter
GET;/tools/record-types/{record_type}/edit;tools.record-types.edit;"Settings\RecordTypeController";edit;"web Authenticate";D02;vue;abandonné
GET;/deposits;;BuildingController;index;"web Authenticate";D03;crud;à-porter
GET;/deposits/buildings;buildings.index;BuildingController;index;"web Authenticate";D03;crud;à-porter
POST;/deposits/buildings;buildings.store;BuildingController;store;"web Authenticate";D03;crud;à-porter
GET;/deposits/buildings/create;buildings.create;BuildingController;create;"web Authenticate";D03;vue;abandonné
GET;/deposits/buildings/{building};buildings.show;BuildingController;show;"web Authenticate";D03;crud;à-porter
PUT|PATCH;/deposits/buildings/{building};buildings.update;BuildingController;update;"web Authenticate";D03;crud;à-porter
DELETE;/deposits/buildings/{building};buildings.destroy;BuildingController;destroy;"web Authenticate";D03;crud;à-porter
GET;/deposits/buildings/{building}/edit;buildings.edit;BuildingController;edit;"web Authenticate";D03;vue;abandonné
GET;/deposits/trolleys;trolleys.index;BuildingController;index;"web Authenticate";D03;crud;à-porter
POST;/deposits/trolleys;trolleys.store;BuildingController;store;"web Authenticate";D03;crud;à-porter
GET;/deposits/trolleys/create;trolleys.create;BuildingController;create;"web Authenticate";D03;vue;abandonné
GET;/deposits/trolleys/{trolley};trolleys.show;BuildingController;show;"web Authenticate";D03;crud;à-porter
PUT|PATCH;/deposits/trolleys/{trolley};trolleys.update;BuildingController;update;"web Authenticate";D03;crud;à-porter
DELETE;/deposits/trolleys/{trolley};trolleys.destroy;BuildingController;destroy;"web Authenticate";D03;crud;à-porter
GET;/deposits/trolleys/{trolley}/edit;trolleys.edit;BuildingController;edit;"web Authenticate";D03;vue;abandonné
GET;/deposits/containers;containers.index;ContainerController;index;"web Authenticate";D03;crud;à-porter
POST;/deposits/containers;containers.store;ContainerController;store;"web Authenticate";D03;crud;à-porter
GET;/deposits/containers/create;containers.create;ContainerController;create;"web Authenticate";D03;vue;abandonné
GET;/deposits/containers/{container};containers.show;ContainerController;show;"web Authenticate";D03;crud;à-porter
PUT|PATCH;/deposits/containers/{container};containers.update;ContainerController;update;"web Authenticate";D03;crud;à-porter
DELETE;/deposits/containers/{container};containers.destroy;ContainerController;destroy;"web Authenticate";D03;crud;à-porter
GET;/deposits/containers/{container}/edit;containers.edit;ContainerController;edit;"web Authenticate";D03;vue;abandonné
GET;/settings/container-property;container-property.index;ContainerPropertyController;index;"web Authenticate";D03;crud;à-porter
POST;/settings/container-property;container-property.store;ContainerPropertyController;store;"web Authenticate";D03;crud;à-porter
GET;/settings/container-property/create;container-property.create;ContainerPropertyController;create;"web Authenticate";D03;vue;abandonné
GET;/settings/container-property/{container_property};container-property.show;ContainerPropertyController;show;"web Authenticate";D03;crud;à-porter
PUT|PATCH;/settings/container-property/{container_property};container-property.update;ContainerPropertyController;update;"web Authenticate";D03;crud;à-porter
DELETE;/settings/container-property/{container_property};container-property.destroy;ContainerPropertyController;destroy;"web Authenticate";D03;crud;à-porter
GET;/settings/container-property/{container_property}/edit;container-property.edit;ContainerPropertyController;edit;"web Authenticate";D03;vue;abandonné
GET;/settings/container-status;container-status.index;ContainerStatusController;index;"web Authenticate";D03;crud;à-porter
POST;/settings/container-status;container-status.store;ContainerStatusController;store;"web Authenticate";D03;crud;à-porter
GET;/settings/container-status/create;container-status.create;ContainerStatusController;create;"web Authenticate";D03;vue;abandonné
GET;/settings/container-status/{container_status};container-status.show;ContainerStatusController;show;"web Authenticate";D03;crud;à-porter
PUT|PATCH;/settings/container-status/{container_status};container-status.update;ContainerStatusController;update;"web Authenticate";D03;crud;à-porter
DELETE;/settings/container-status/{container_status};container-status.destroy;ContainerStatusController;destroy;"web Authenticate";D03;crud;à-porter
GET;/settings/container-status/{container_status}/edit;container-status.edit;ContainerStatusController;edit;"web Authenticate";D03;vue;abandonné
GET;/tools/access;access.index;ContainerStatusController;index;"web Authenticate";D03;crud;à-porter
POST;/tools/access;access.store;ContainerStatusController;store;"web Authenticate";D03;crud;à-porter
GET;/tools/access/create;access.create;ContainerStatusController;create;"web Authenticate";D03;vue;abandonné
GET;/tools/access/{access};access.show;ContainerStatusController;show;"web Authenticate";D03;crud;à-porter
PUT|PATCH;/tools/access/{access};access.update;ContainerStatusController;update;"web Authenticate";D03;crud;à-porter
DELETE;/tools/access/{access};access.destroy;ContainerStatusController;destroy;"web Authenticate";D03;crud;à-porter
GET;/tools/access/{access}/edit;access.edit;ContainerStatusController;edit;"web Authenticate";D03;vue;abandonné
GET;/deposits/buildings/{building}/floors;floors.index;FloorController;index;"web Authenticate";D03;crud;à-porter
POST;/deposits/buildings/{building}/floors;floors.store;FloorController;store;"web Authenticate";D03;crud;à-porter
GET;/deposits/buildings/{building}/floors/create;floors.create;FloorController;create;"web Authenticate";D03;vue;abandonné
GET;/deposits/buildings/{building}/floors/{floor};floors.show;FloorController;show;"web Authenticate";D03;crud;à-porter
PUT|PATCH;/deposits/buildings/{building}/floors/{floor};floors.update;FloorController;update;"web Authenticate";D03;crud;à-porter
DELETE;/deposits/buildings/{building}/floors/{floor};floors.destroy;FloorController;destroy;"web Authenticate";D03;crud;à-porter
GET;/deposits/buildings/{building}/floors/{floor}/edit;floors.edit;FloorController;edit;"web Authenticate";D03;vue;abandonné
GET;/deposits/rooms;rooms.index;RoomController;index;"web Authenticate";D03;crud;à-porter
POST;/deposits/rooms;rooms.store;RoomController;store;"web Authenticate";D03;crud;à-porter
GET;/deposits/rooms/create;rooms.create;RoomController;create;"web Authenticate";D03;vue;abandonné
GET;/deposits/rooms/{room};rooms.show;RoomController;show;"web Authenticate";D03;crud;à-porter
PUT|PATCH;/deposits/rooms/{room};rooms.update;RoomController;update;"web Authenticate";D03;crud;à-porter
DELETE;/deposits/rooms/{room};rooms.destroy;RoomController;destroy;"web Authenticate";D03;crud;à-porter
GET;/deposits/rooms/{room}/edit;rooms.edit;RoomController;edit;"web Authenticate";D03;vue;abandonné
GET;/deposits/shelves;shelves.index;ShelfController;index;"web Authenticate";D03;crud;à-porter
POST;/deposits/shelves;shelves.store;ShelfController;store;"web Authenticate";D03;crud;à-porter
GET;/deposits/shelves/create;shelves.create;ShelfController;create;"web Authenticate";D03;vue;abandonné
GET;/deposits/shelves/{shelf};shelves.show;ShelfController;show;"web Authenticate";D03;crud;à-porter
PUT|PATCH;/deposits/shelves/{shelf};shelves.update;ShelfController;update;"web Authenticate";D03;crud;à-porter
DELETE;/deposits/shelves/{shelf};shelves.destroy;ShelfController;destroy;"web Authenticate";D03;crud;à-porter
GET;/deposits/shelves/{shelf}/edit;shelves.edit;ShelfController;edit;"web Authenticate";D03;vue;abandonné
GET;/api/containers/search;api.containers.search;"Api\ContainerSearchController";search;"api web Authenticate RateLimitMiddleware:ai,30,60";D04;action;à-porter
GET;/transferrings/containers;slips.containers.index;SlipContainerController;index;"web Authenticate";D04;crud;à-porter
POST;/transferrings/containers;slips.containers.store;SlipContainerController;store;"web Authenticate";D04;crud;à-porter
GET;/transferrings/containers/create;slips.containers.create;SlipContainerController;create;"web Authenticate";D04;vue;abandonné
GET;/transferrings/containers/{container};slips.containers.show;SlipContainerController;show;"web Authenticate";D04;crud;à-porter
PUT|PATCH;/transferrings/containers/{container};slips.containers.update;SlipContainerController;update;"web Authenticate";D04;crud;à-porter
DELETE;/transferrings/containers/{container};slips.containers.destroy;SlipContainerController;destroy;"web Authenticate";D04;crud;à-porter
GET;/transferrings/containers/{container}/edit;slips.containers.edit;SlipContainerController;edit;"web Authenticate";D04;vue;abandonné
POST;/repositories/slips/store;slips.storetransfert;SlipController;storetransfert;"web Authenticate";D04;action;à-porter
GET;/transferrings;;SlipController;index;"web Authenticate";D04;crud;à-porter
GET;/transferrings/slips;slips.index;SlipController;index;"web Authenticate";D04;crud;à-porter
POST;/transferrings/slips;slips.store;SlipController;store;"web Authenticate";D04;crud;à-porter
GET;/transferrings/slips/approve;slips.approve;SlipController;approve;"web Authenticate";D04;action;à-porter
GET;/transferrings/slips/create;slips.create;SlipController;create;"web Authenticate";D04;vue;abandonné
GET;/transferrings/slips/export;slips.export.form;SlipController;exportForm;"web Authenticate";D04;export;à-porter
POST;/transferrings/slips/export;slips.export;SlipController;export;"web Authenticate";D04;export;à-porter
GET;/transferrings/slips/import;slips.import.form;SlipController;importForm;"web Authenticate";D04;upload;à-porter
POST;/transferrings/slips/import/{format};slips.import;SlipController;import;"web Authenticate";D04;upload;à-porter
GET;/transferrings/slips/integrate;slips.integrate;SlipController;integrate;"web Authenticate";D04;action;à-porter
GET;/transferrings/slips/reception;slips.reception;SlipController;reception;"web Authenticate";D04;action;à-porter
GET;/transferrings/slips/{slip};slips.show;SlipController;show;"web Authenticate";D04;crud;à-porter
PUT|PATCH;/transferrings/slips/{slip};slips.update;SlipController;update;"web Authenticate";D04;crud;à-porter
DELETE;/transferrings/slips/{slip};slips.destroy;SlipController;destroy;"web Authenticate";D04;crud;à-porter
GET;/transferrings/slips/{slip}/edit;slips.edit;SlipController;edit;"web Authenticate";D04;vue;abandonné
GET;/transferrings/slips/{slip}/print;slips.print;SlipController;print;"web Authenticate";D04;export;à-porter
POST;/transferrings/slipRecordAttachment/show;slip-record-show;SlipRecordAttachmentController;show;"web Authenticate";D04;crud;à-porter
POST;/transferrings/slipRecordAttachment/upload;slip-record-upload;SlipRecordAttachmentController;upload;"web Authenticate";D04;upload;à-porter
DELETE;/transferrings/slips/{slip}/records/{record}/attachments/{id};slipRecordAttachment.delete;SlipRecordAttachmentController;delete;"web Authenticate";D04;action;à-porter
GET;/transferrings/slips/{slip}/records/{record}/containers;slips.records.containers.index;SlipRecordContainerController;index;"web Authenticate";D04;crud;à-porter
POST;/transferrings/slips/{slip}/records/{record}/containers;slips.records.containers.store;SlipRecordContainerController;store;"web Authenticate";D04;crud;à-porter
GET;/transferrings/slips/{slip}/records/{record}/containers/create;slips.records.containers.create;SlipRecordContainerController;create;"web Authenticate";D04;vue;abandonné
GET;/transferrings/slips/{slip}/records/{record}/containers/{container};slips.records.containers.show;SlipRecordContainerController;show;"web Authenticate";D04;crud;à-porter
PUT|PATCH;/transferrings/slips/{slip}/records/{record}/containers/{container};slips.records.containers.update;SlipRecordContainerController;update;"web Authenticate";D04;crud;à-porter
DELETE;/transferrings/slips/{slip}/records/{record}/containers/{container};slips.records.containers.destroy;SlipRecordContainerController;destroy;"web Authenticate";D04;crud;à-porter
GET;/transferrings/slips/{slip}/records/{record}/containers/{container}/edit;slips.records.containers.edit;SlipRecordContainerController;edit;"web Authenticate";D04;vue;abandonné
GET;/transferrings/slips/{slip}/records;slips.records.index;SlipRecordController;index;"web Authenticate";D04;crud;à-porter
POST;/transferrings/slips/{slip}/records;slips.records.store;SlipRecordController;store;"web Authenticate";D04;crud;à-porter
GET;/transferrings/slips/{slip}/records/create;slips.records.create;SlipRecordController;create;"web Authenticate";D04;vue;abandonné
GET;/transferrings/slips/{slip}/records/{record};slips.records.show;SlipRecordController;show;"web Authenticate";D04;crud;à-porter
PUT|PATCH;/transferrings/slips/{slip}/records/{record};slips.records.update;SlipRecordController;update;"web Authenticate";D04;crud;à-porter
DELETE;/transferrings/slips/{slip}/records/{record};slips.records.destroy;SlipRecordController;destroy;"web Authenticate";D04;crud;à-porter
GET;/transferrings/slips/{slip}/records/{record}/edit;slips.records.edit;SlipRecordController;edit;"web Authenticate";D04;vue;abandonné
GET;/settings/transferring-status;transferring-status.index;SlipStatusController;index;"web Authenticate";D04;crud;à-porter
POST;/settings/transferring-status;transferring-status.store;SlipStatusController;store;"web Authenticate";D04;crud;à-porter
GET;/settings/transferring-status/create;transferring-status.create;SlipStatusController;create;"web Authenticate";D04;vue;abandonné
GET;/settings/transferring-status/{transferring_status};transferring-status.show;SlipStatusController;show;"web Authenticate";D04;crud;à-porter
PUT|PATCH;/settings/transferring-status/{transferring_status};transferring-status.update;SlipStatusController;update;"web Authenticate";D04;crud;à-porter
DELETE;/settings/transferring-status/{transferring_status};transferring-status.destroy;SlipStatusController;destroy;"web Authenticate";D04;crud;à-porter
GET;/settings/transferring-status/{transferring_status}/edit;transferring-status.edit;SlipStatusController;edit;"web Authenticate";D04;vue;abandonné
GET;/communications;communications.index;CommunicationController;index;"web Authenticate";D05;crud;à-porter
POST;/communications/actions/add-to-cart;communications.actions.add-to-cart;CommunicationController;addToCart;"web Authenticate";D05;action;à-porter
POST;/communications/actions/reject;communications.actions.reject;CommunicationController;reject;"web Authenticate";D05;action;à-porter
GET;/communications/actions/return-cancel;communications.actions.return-cancel;CommunicationController;returnCancel;"web Authenticate";D05;action;à-porter
GET;/communications/actions/return-effective;communications.actions.return-effective;CommunicationController;returnEffective;"web Authenticate";D05;action;à-porter
GET;/communications/actions/transmission;communications.actions.transmission;CommunicationController;transmission;"web Authenticate";D05;action;à-porter
GET;/communications/actions/validate;communications.actions.validate;CommunicationController;validateCommunication;"web Authenticate";D05;action;à-porter
GET;/communications/export/excel;communications.export.excel;CommunicationController;export;"web Authenticate";D05;export;à-porter
GET;/communications/export/print;communications.export.print;CommunicationController;print;"web Authenticate";D05;export;à-porter
GET;/communications/transactions;communications.transactions.index;CommunicationController;index;"web Authenticate";D05;crud;à-porter
POST;/communications/transactions;communications.transactions.store;CommunicationController;store;"web Authenticate";D05;crud;à-porter
GET;/communications/transactions/create;communications.transactions.create;CommunicationController;create;"web Authenticate";D05;vue;abandonné
GET;/communications/transactions/{transaction};communications.transactions.show;CommunicationController;show;"web Authenticate";D05;crud;à-porter
PUT|PATCH;/communications/transactions/{transaction};communications.transactions.update;CommunicationController;update;"web Authenticate";D05;crud;à-porter
DELETE;/communications/transactions/{transaction};communications.transactions.destroy;CommunicationController;destroy;"web Authenticate";D05;crud;à-porter
GET;/communications/transactions/{transaction}/edit;communications.transactions.edit;CommunicationController;edit;"web Authenticate";D05;vue;abandonné
POST;/communications/records/return-cancel;communications.records.return-cancel;CommunicationRecordController;returnCancel;"web Authenticate";D05;action;à-porter
POST;/communications/records/return-effective;communications.records.return-effective;CommunicationRecordController;returnEffective;"web Authenticate";D05;action;à-porter
GET;/communications/records/search;communications.records.search;CommunicationRecordController;searchRecords;"web Authenticate";D05;action;à-porter
GET;/communications/{communication}/records;communications.records.index;CommunicationRecordController;index;"web Authenticate";D05;crud;à-porter
POST;/communications/{communication}/records;communications.records.store;CommunicationRecordController;store;"web Authenticate";D05;crud;à-porter
GET;/communications/{communication}/records/create;communications.records.create;CommunicationRecordController;create;"web Authenticate";D05;vue;abandonné
GET;/communications/{communication}/records/{record};communications.records.show;CommunicationRecordController;show;"web Authenticate";D05;crud;à-porter
PUT;/communications/{communication}/records/{record};communications.records.update;CommunicationRecordController;update;"web Authenticate";D05;crud;à-porter
DELETE;/communications/{communication}/records/{record};communications.records.destroy;CommunicationRecordController;destroy;"web Authenticate";D05;crud;à-porter
GET;/communications/{communication}/records/{record}/edit;communications.records.edit;CommunicationRecordController;edit;"web Authenticate";D05;vue;abandonné
GET;/communications/reservations;communications.reservations.index;ReservationController;index;"web Authenticate";D05;crud;à-porter
POST;/communications/reservations;communications.reservations.store;ReservationController;store;"web Authenticate";D05;crud;à-porter
POST;/communications/reservations/actions/approved;communications.reservations.actions.approved;ReservationController;approved;"web Authenticate";D05;action;à-porter
GET;/communications/reservations/approved;communications.reservations.approved.list;ReservationController;listApproved;"web Authenticate";D05;action;à-porter
GET;/communications/reservations/approved-reservations;communications.reservations.approved.reservations;ReservationController;listApprovedReservations;"web Authenticate";D05;action;à-porter
GET;/communications/reservations/create;communications.reservations.create;ReservationController;create;"web Authenticate";D05;vue;abandonné
GET;/communications/reservations/pending;communications.reservations.pending;ReservationController;pending;"web Authenticate";D05;action;à-porter
GET;/communications/reservations/return-available;communications.reservations.return.available;ReservationController;returnAvailable;"web Authenticate";D05;action;à-porter
GET;/communications/reservations/{reservation};communications.reservations.show;ReservationController;show;"web Authenticate";D05;crud;à-porter
PUT;/communications/reservations/{reservation};communications.reservations.update;ReservationController;update;"web Authenticate";D05;crud;à-porter
DELETE;/communications/reservations/{reservation};communications.reservations.destroy;ReservationController;destroy;"web Authenticate";D05;crud;à-porter
GET;/communications/reservations/{reservation}/edit;communications.reservations.edit;ReservationController;edit;"web Authenticate";D05;vue;abandonné
POST;/communications/reservations/{reservation}/mark-returned;communications.reservations.mark.returned;ReservationController;markAsReturned;"web Authenticate";D05;action;à-porter
GET;/communications/reservations/{reservation}/records;communications.reservations.records.index;ReservationRecordController;index;"web Authenticate";D05;crud;à-porter
POST;/communications/reservations/{reservation}/records;communications.reservations.records.store;ReservationRecordController;store;"web Authenticate";D05;crud;à-porter
GET;/communications/reservations/{reservation}/records/create;communications.reservations.records.create;ReservationRecordController;create;"web Authenticate";D05;vue;abandonné
GET;/communications/reservations/{reservation}/records/{reservationRecord};communications.reservations.records.show;ReservationRecordController;show;"web Authenticate";D05;crud;à-porter
PUT;/communications/reservations/{reservation}/records/{reservationRecord};communications.reservations.records.update;ReservationRecordController;update;"web Authenticate";D05;crud;à-porter
DELETE;/communications/reservations/{reservation}/records/{reservationRecord};communications.reservations.records.destroy;ReservationRecordController;destroy;"web Authenticate";D05;crud;à-porter
GET;/communications/reservations/{reservation}/records/{reservationRecord}/edit;communications.reservations.records.edit;ReservationRecordController;edit;"web Authenticate";D05;vue;abandonné
GET;/tools/activities/{activity}/communicabilities;activities.communicabilities.index;activityCommunicabilityController;index;"web Authenticate";D05;crud;à-porter
POST;/tools/activities/{activity}/communicabilities;activities.communicabilities.store;activityCommunicabilityController;store;"web Authenticate";D05;crud;à-porter
GET;/tools/activities/{activity}/communicabilities/create;activities.communicabilities.create;activityCommunicabilityController;create;"web Authenticate";D05;vue;abandonné
GET;/tools/activities/{activity}/communicabilities/{communicability};activities.communicabilities.show;activityCommunicabilityController;show;"web Authenticate";D05;crud;à-porter
PUT|PATCH;/tools/activities/{activity}/communicabilities/{communicability};activities.communicabilities.update;activityCommunicabilityController;update;"web Authenticate";D05;crud;à-porter
DELETE;/tools/activities/{activity}/communicabilities/{communicability};activities.communicabilities.destroy;activityCommunicabilityController;destroy;"web Authenticate";D05;crud;à-porter
GET;/tools/activities/{activity}/communicabilities/{communicability}/edit;activities.communicabilities.edit;activityCommunicabilityController;edit;"web Authenticate";D05;vue;abandonné
GET;/mails/batch;batch.index;BatchController;index;"web Authenticate";D06;crud;à-porter
POST;/mails/batch;batch.store;BatchController;store;"web Authenticate";D06;crud;à-porter
GET;/mails/batch/create;batch.create;BatchController;create;"web Authenticate";D06;vue;abandonné
GET;/mails/batch/{batch};batch.show;BatchController;show;"web Authenticate";D06;crud;à-porter
PUT|PATCH;/mails/batch/{batch};batch.update;BatchController;update;"web Authenticate";D06;crud;à-porter
DELETE;/mails/batch/{batch};batch.destroy;BatchController;destroy;"web Authenticate";D06;crud;à-porter
GET;/mails/batch/{batch}/available-mails;batch.available-mails;BatchController;getAvailableMails;"web Authenticate";D06;action;à-porter
GET;/mails/batch/{batch}/edit;batch.edit;BatchController;edit;"web Authenticate";D06;vue;abandonné
GET;/mails/batch/{batch}/export/pdf;batch.export.pdf;BatchController;exportPdf;"web Authenticate";D06;export;à-porter
GET;/mails/batches/{batch}/mail;batch.mail.index;BatchController;indexMail;"web Authenticate";D06;action;à-porter
POST;/mails/batches/{batch}/mail;batch.mail.store;BatchController;storeMail;"web Authenticate";D06;action;à-porter
GET;/mails/batches/{batch}/mail/create;batch.mail.create;BatchController;createMail;"web Authenticate";D06;action;à-porter
PUT;/mails/batches/{batch}/mail/{batchMail};batch.mail.update;BatchController;updateMail;"web Authenticate";D06;action;à-porter
GET;/mails/batches/{batch}/mail/{batchMail}/edit;batch.mail.edit;BatchController;editMail;"web Authenticate";D06;action;à-porter
DELETE;/mails/batches/{batch}/mail/{id};batch.mail.destroy;BatchController;destroyMail;"web Authenticate";D06;action;à-porter
POST;/batch-handler/add-items;;BatchHandlerController;addItems;"web Authenticate";D06;action;à-porter
POST;/batch-handler/create;;BatchHandlerController;create;"web Authenticate";D06;vue;abandonné
GET;/batch-handler/list;;BatchHandlerController;list;"web Authenticate";D06;action;à-porter
DELETE;/batch-handler/remove-items;;BatchHandlerController;removeItems;"web Authenticate";D06;action;à-porter
DELETE;/batch-handler/{batch_id};;BatchHandlerController;deleteBatch;"web Authenticate";D06;action;à-porter
GET;/mails/batch-received;batch-received.index;BatchReceivedController;index;"web Authenticate";D06;crud;à-porter
POST;/mails/batch-received;batch-received.store;BatchReceivedController;store;"web Authenticate";D06;crud;à-porter
GET;/mails/batch-received/create;batch-received.create;BatchReceivedController;create;"web Authenticate";D06;vue;abandonné
GET;/mails/batch-received/logs;batch-received-log;BatchReceivedController;logs;"web Authenticate";D06;action;à-porter
GET;/mails/batch-received/{batch_received};batch-received.show;BatchReceivedController;show;"web Authenticate";D06;crud;à-porter
PUT|PATCH;/mails/batch-received/{batch_received};batch-received.update;BatchReceivedController;update;"web Authenticate";D06;crud;à-porter
DELETE;/mails/batch-received/{batch_received};batch-received.destroy;BatchReceivedController;destroy;"web Authenticate";D06;crud;à-porter
GET;/mails/batch-received/{batch_received}/edit;batch-received.edit;BatchReceivedController;edit;"web Authenticate";D06;vue;abandonné
GET;/mails/batch-send;batch-send.index;BatchSendController;index;"web Authenticate";D06;crud;à-porter
POST;/mails/batch-send;batch-send.store;BatchSendController;store;"web Authenticate";D06;crud;à-porter
GET;/mails/batch-send/create;batch-send.create;BatchSendController;create;"web Authenticate";D06;vue;abandonné
GET;/mails/batch-send/logs;batch-send-log;BatchSendController;logs;"web Authenticate";D06;action;à-porter
GET;/mails/batch-send/{batch_send};batch-send.show;BatchSendController;show;"web Authenticate";D06;crud;à-porter
PUT|PATCH;/mails/batch-send/{batch_send};batch-send.update;BatchSendController;update;"web Authenticate";D06;crud;à-porter
DELETE;/mails/batch-send/{batch_send};batch-send.destroy;BatchSendController;destroy;"web Authenticate";D06;crud;à-porter
GET;/mails/batch-send/{batch_send}/edit;batch-send.edit;BatchSendController;edit;"web Authenticate";D06;vue;abandonné
POST;/mails/batches/{batch}/transfer/boxes;batch.transfer.boxes;BatchTransferController;transferToBoxes;"web Authenticate";D06;action;à-porter
POST;/mails/batches/{batch}/transfer/dollies;batch.transfer.dollies;BatchTransferController;transferToDollies;"web Authenticate";D06;action;à-porter
GET;/settings/mail-action;mail-action.index;MailActionController;index;"web Authenticate";D06;crud;à-porter
POST;/settings/mail-action;mail-action.store;MailActionController;store;"web Authenticate";D06;crud;à-porter
GET;/settings/mail-action/create;mail-action.create;MailActionController;create;"web Authenticate";D06;vue;abandonné
GET;/settings/mail-action/{mail_action};mail-action.show;MailActionController;show;"web Authenticate";D06;crud;à-porter
PUT|PATCH;/settings/mail-action/{mail_action};mail-action.update;MailActionController;update;"web Authenticate";D06;crud;à-porter
DELETE;/settings/mail-action/{mail_action};mail-action.destroy;MailActionController;destroy;"web Authenticate";D06;crud;à-porter
GET;/settings/mail-action/{mail_action}/edit;mail-action.edit;MailActionController;edit;"web Authenticate";D06;vue;abandonné
GET;/mails/archived;mails.archived;MailArchiveController;archived;"web Authenticate";D06;action;à-porter
GET;/mails/archives;mail-archive.index;MailArchiveController;index;"web Authenticate";D06;crud;à-porter
POST;/mails/archives;mail-archive.store;MailArchiveController;store;"web Authenticate";D06;crud;à-porter
GET;/mails/archives/create;mail-archive.create;MailArchiveController;create;"web Authenticate";D06;vue;abandonné
GET;/mails/archives/{archive};mail-archive.show;MailArchiveController;show;"web Authenticate";D06;crud;à-porter
PUT|PATCH;/mails/archives/{archive};mail-archive.update;MailArchiveController;update;"web Authenticate";D06;crud;à-porter
DELETE;/mails/archives/{archive};mail-archive.destroy;MailArchiveController;destroy;"web Authenticate";D06;crud;à-porter
GET;/mails/archives/{archive}/edit;mail-archive.edit;MailArchiveController;edit;"web Authenticate";D06;vue;abandonné
POST;/mails/archives/{containerId}/add-mails;mail-archive.add-mails;MailArchiveController;addMails;"web Authenticate";D06;action;à-porter
POST;/mails/archives/{containerId}/remove-mails;mail-archive.remove-mails;MailArchiveController;removeMails;"web Authenticate";D06;action;à-porter
GET;/mails/file/{file}/attachment;mail-attachment.index;MailAttachmentController;index;"web Authenticate";D06;crud;à-porter
POST;/mails/file/{file}/attachment;mail-attachment.store;MailAttachmentController;store;"web Authenticate";D06;crud;à-porter
GET;/mails/file/{file}/attachment/create;mail-attachment.create;MailAttachmentController;create;"web Authenticate";D06;vue;abandonné
GET;/mails/file/{file}/attachment/{attachment};mail-attachment.show;MailAttachmentController;show;"web Authenticate";D06;crud;à-porter
PUT|PATCH;/mails/file/{file}/attachment/{attachment};mail-attachment.update;MailAttachmentController;update;"web Authenticate";D06;crud;à-porter
DELETE;/mails/file/{file}/attachment/{attachment};mail-attachment.destroy;MailAttachmentController;destroy;"web Authenticate";D06;crud;à-porter
GET;/mails/file/{file}/attachment/{attachment}/edit;mail-attachment.edit;MailAttachmentController;edit;"web Authenticate";D06;vue;abandonné
GET;/mails/mail-attachment/{id}/preview;mail-attachment.preview;MailAttachmentController;preview;"web Authenticate";D06;action;à-porter
GET;/mails/container;mail-container.index;MailContainerController;index;"web Authenticate";D06;crud;à-porter
POST;/mails/container;mail-container.store;MailContainerController;store;"web Authenticate";D06;crud;à-porter
GET;/mails/container/create;mail-container.create;MailContainerController;create;"web Authenticate";D06;vue;abandonné
GET;/mails/container/{container};mail-container.show;MailContainerController;show;"web Authenticate";D06;crud;à-porter
PUT|PATCH;/mails/container/{container};mail-container.update;MailContainerController;update;"web Authenticate";D06;crud;à-porter
DELETE;/mails/container/{container};mail-container.destroy;MailContainerController;destroy;"web Authenticate";D06;crud;à-porter
GET;/mails/container/{container}/edit;mail-container.edit;MailContainerController;edit;"web Authenticate";D06;vue;abandonné
GET;/mails/containers/list;mail-container.list;MailContainerController;getContainers;"web Authenticate";D06;action;à-porter
GET;/mails/containers/properties;mail-container.properties;MailContainerController;getContainerProperties;"web Authenticate";D06;action;à-porter
GET;/mails/containers/activities/{organisation};mail-container.activities;MailContainerTransferController;getActivitiesByOrganisation;"web Authenticate";D06;action;à-porter
GET;/mails/containers/shelves/{organisation};mail-container.shelves;MailContainerTransferController;getShelvesByOrganisation;"web Authenticate";D06;action;à-porter
POST;/mails/containers/transfer;mail-container.transfer;MailContainerTransferController;transfer;"web Authenticate";D06;action;à-porter
GET;/mails/count-unread;mails.count-unread;MailController;countUnread;"web Authenticate";D06;action;à-porter
GET;/mails/incoming;mails.incoming.index;MailController;indexIncoming;"web Authenticate";D06;action;à-porter
POST;/mails/incoming;mails.incoming.store;MailController;storeIncoming;"web Authenticate";D06;action;à-porter
GET;/mails/incoming/create;mails.incoming.create;MailController;createIncoming;"web Authenticate";D06;action;à-porter
GET;/mails/incoming/{id};mails.incoming.show;MailController;show;"web Authenticate";D06;crud;à-porter
PUT;/mails/incoming/{id};mails.incoming.update;MailController;update;"web Authenticate";D06;crud;à-porter
PATCH;/mails/incoming/{id};;MailController;update;"web Authenticate";D06;crud;à-porter
DELETE;/mails/incoming/{id};mails.incoming.destroy;MailController;destroy;"web Authenticate";D06;crud;à-porter
GET;/mails/incoming/{id}/edit;mails.incoming.edit;MailController;edit;"web Authenticate";D06;vue;abandonné
GET;/mails/outgoing;mails.outgoing.index;MailController;indexOutgoing;"web Authenticate";D06;action;à-porter
POST;/mails/outgoing;mails.outgoing.store;MailController;storeOutgoing;"web Authenticate";D06;action;à-porter
GET;/mails/outgoing/create;mails.outgoing.create;MailController;createOutgoing;"web Authenticate";D06;action;à-porter
GET;/mails/outgoing/{id};mails.outgoing.show;MailController;show;"web Authenticate";D06;crud;à-porter
PUT;/mails/outgoing/{id};mails.outgoing.update;MailController;update;"web Authenticate";D06;crud;à-porter
PATCH;/mails/outgoing/{id};;MailController;update;"web Authenticate";D06;crud;à-porter
DELETE;/mails/outgoing/{id};mails.outgoing.destroy;MailController;destroy;"web Authenticate";D06;crud;à-porter
GET;/mails/outgoing/{id}/edit;mails.outgoing.edit;MailController;edit;"web Authenticate";D06;vue;abandonné
GET;/settings/mail-priority;mail-priority.index;MailPriorityController;index;"web Authenticate";D06;crud;à-porter
POST;/settings/mail-priority;mail-priority.store;MailPriorityController;store;"web Authenticate";D06;crud;à-porter
GET;/settings/mail-priority/create;mail-priority.create;MailPriorityController;create;"web Authenticate";D06;vue;abandonné
GET;/settings/mail-priority/{mail_priority};mail-priority.show;MailPriorityController;show;"web Authenticate";D06;crud;à-porter
PUT|PATCH;/settings/mail-priority/{mail_priority};mail-priority.update;MailPriorityController;update;"web Authenticate";D06;crud;à-porter
DELETE;/settings/mail-priority/{mail_priority};mail-priority.destroy;MailPriorityController;destroy;"web Authenticate";D06;crud;à-porter
GET;/settings/mail-priority/{mail_priority}/edit;mail-priority.edit;MailPriorityController;edit;"web Authenticate";D06;vue;abandonné
GET;/;home;MailReceivedController;index;"web Authenticate";D06;crud;à-porter
GET;/mails/InProgress;mails.inprogress;MailReceivedController;inprogress;"web Authenticate";D06;action;à-porter
GET;/mails/received;mail-received.index;MailReceivedController;index;"web Authenticate";D06;crud;à-porter
POST;/mails/received;mail-received.store;MailReceivedController;store;"web Authenticate";D06;crud;à-porter
GET;/mails/received/create;mail-received.create;MailReceivedController;create;"web Authenticate";D06;vue;abandonné
GET;/mails/received/{mail}/approve;mail-received.approve;MailReceivedController;approve;"web Authenticate";D06;action;à-porter
GET;/mails/received/{mail}/reject;mail-received.reject;MailReceivedController;reject;"web Authenticate";D06;action;à-porter
GET;/mails/received/{received};mail-received.show;MailReceivedController;show;"web Authenticate";D06;crud;à-porter
PUT|PATCH;/mails/received/{received};mail-received.update;MailReceivedController;update;"web Authenticate";D06;crud;à-porter
DELETE;/mails/received/{received};mail-received.destroy;MailReceivedController;destroy;"web Authenticate";D06;crud;à-porter
GET;/mails/received/{received}/edit;mail-received.edit;MailReceivedController;edit;"web Authenticate";D06;vue;abandonné
GET;/mails/returned;mail-received.returned;MailReceivedController;returned;"web Authenticate";D06;action;à-porter
GET;/mails/to-return;mail-received.toReturn;MailReceivedController;toReturn;"web Authenticate";D06;action;à-porter
GET;/mails/received/external;mails.received.external.index;MailReceivedExternalController;index;"web Authenticate";D06;crud;à-porter
POST;/mails/received/external;mails.received.external.store;MailReceivedExternalController;store;"web Authenticate";D06;crud;à-porter
GET;/mails/received/external/create;mails.received.external.create;MailReceivedExternalController;create;"web Authenticate";D06;vue;abandonné
GET;/mails/received/external/{id};mails.received.external.show;MailReceivedExternalController;show;"web Authenticate";D06;crud;à-porter
PUT;/mails/received/external/{id};mails.received.external.update;MailReceivedExternalController;update;"web Authenticate";D06;crud;à-porter
PATCH;/mails/received/external/{id};mails.received.external.;MailReceivedExternalController;update;"web Authenticate";D06;crud;à-porter
DELETE;/mails/received/external/{id};mails.received.external.destroy;MailReceivedExternalController;destroy;"web Authenticate";D06;crud;à-porter
GET;/mails/received/external/{id}/edit;mails.received.external.edit;MailReceivedExternalController;edit;"web Authenticate";D06;vue;abandonné
GET;/mails/send;mail-send.index;MailSendController;index;"web Authenticate";D06;crud;à-porter
POST;/mails/send;mail-send.store;MailSendController;store;"web Authenticate";D06;crud;à-porter
GET;/mails/send/create;mail-send.create;MailSendController;create;"web Authenticate";D06;vue;abandonné
POST;/mails/send/transfer;mail-send.transfer;MailSendController;transfer;"web Authenticate";D06;action;à-porter
GET;/mails/send/{send};mail-send.show;MailSendController;show;"web Authenticate";D06;crud;à-porter
PUT|PATCH;/mails/send/{send};mail-send.update;MailSendController;update;"web Authenticate";D06;crud;à-porter
DELETE;/mails/send/{send};mail-send.destroy;MailSendController;destroy;"web Authenticate";D06;crud;à-porter
GET;/mails/send/{send}/edit;mail-send.edit;MailSendController;edit;"web Authenticate";D06;vue;abandonné
GET;/mails/send/external;mails.send.external.index;MailSendExternalController;index;"web Authenticate";D06;crud;à-porter
POST;/mails/send/external;mails.send.external.store;MailSendExternalController;store;"web Authenticate";D06;crud;à-porter
GET;/mails/send/external/create;mails.send.external.create;MailSendExternalController;create;"web Authenticate";D06;vue;abandonné
GET;/mails/send/external/{id};mails.send.external.show;MailSendExternalController;show;"web Authenticate";D06;crud;à-porter
PUT;/mails/send/external/{id};mails.send.external.update;MailSendExternalController;update;"web Authenticate";D06;crud;à-porter
PATCH;/mails/send/external/{id};mails.send.external.;MailSendExternalController;update;"web Authenticate";D06;crud;à-porter
DELETE;/mails/send/external/{id};mails.send.external.destroy;MailSendExternalController;destroy;"web Authenticate";D06;crud;à-porter
GET;/mails/send/external/{id}/edit;mails.send.external.edit;MailSendExternalController;edit;"web Authenticate";D06;vue;abandonné
POST;/mails/mail-transaction/export;mail-transaction.export;MailTransactionController;export;"web Authenticate";D06;export;à-porter
POST;/mails/mail-transaction/import;mail-transaction.import;MailTransactionController;import;"web Authenticate";D06;upload;à-porter
POST;/mails/mail-transaction/print;mail-transaction.print;MailTransactionController;print;"web Authenticate";D06;export;à-porter
POST;/mails/mails/archive;mail-transaction.archive;MailTransactionController;archive;"web Authenticate";D06;action;à-porter
GET;/settings/mail-typology;mail-typology.index;MailTypologyController;index;"web Authenticate";D06;crud;à-porter
POST;/settings/mail-typology;mail-typology.store;MailTypologyController;store;"web Authenticate";D06;crud;à-porter
GET;/settings/mail-typology/create;mail-typology.create;MailTypologyController;create;"web Authenticate";D06;vue;abandonné
GET;/settings/mail-typology/{mail_typology};mail-typology.show;MailTypologyController;show;"web Authenticate";D06;crud;à-porter
PUT|PATCH;/settings/mail-typology/{mail_typology};mail-typology.update;MailTypologyController;update;"web Authenticate";D06;crud;à-porter
DELETE;/settings/mail-typology/{mail_typology};mail-typology.destroy;MailTypologyController;destroy;"web Authenticate";D06;crud;à-porter
GET;/settings/mail-typology/{mail_typology}/edit;mail-typology.edit;MailTypologyController;edit;"web Authenticate";D06;vue;abandonné
GET;/declassements;declassement-lists.index;DeclassementListController;index;"web Authenticate";D07;crud;à-porter
POST;/declassements;declassement-lists.store;DeclassementListController;store;"web Authenticate";D07;crud;à-porter
GET;/declassements/create;declassement-lists.create;DeclassementListController;create;"web Authenticate";D07;vue;abandonné
GET;/declassements/eligible-records;declassement-lists.eligible-records;DeclassementListController;eligibleRecords;"web Authenticate";D07;action;à-porter
GET;/declassements/{declassementList};declassement-lists.show;DeclassementListController;show;"web Authenticate";D07;crud;à-porter
PUT|PATCH;/declassements/{declassementList};declassement-lists.update;DeclassementListController;update;"web Authenticate";D07;crud;à-porter
DELETE;/declassements/{declassementList};declassement-lists.destroy;DeclassementListController;destroy;"web Authenticate";D07;crud;à-porter
POST;/declassements/{declassementList}/approve;declassement-lists.approve;DeclassementListController;approve;"web Authenticate";D07;action;à-porter
POST;/declassements/{declassementList}/comments;declassement-lists.comments.store;DeclassementListController;comment;"web Authenticate";D07;action;à-porter
GET;/declassements/{declassementList}/edit;declassement-lists.edit;DeclassementListController;edit;"web Authenticate";D07;vue;abandonné
POST;/declassements/{declassementList}/process;declassement-lists.process;DeclassementListController;process;"web Authenticate";D07;action;à-porter
POST;/declassements/{declassementList}/records;declassement-lists.records.add;DeclassementListController;addRecords;"web Authenticate";D07;action;à-porter
DELETE;/declassements/{declassementList}/records/{declassementRecord};declassement-lists.records.remove;DeclassementListController;removeRecord;"web Authenticate";D07;action;à-porter
POST;/declassements/{declassementList}/reject;declassement-lists.reject;DeclassementListController;reject;"web Authenticate";D07;action;à-porter
POST;/declassements/{declassementList}/request-approval;declassement-lists.request-approval;DeclassementListController;requestApproval;"web Authenticate";D07;action;à-porter
POST;/declassements/{declassementList}/validate;declassement-lists.validate;DeclassementListController;validateList;"web Authenticate";D07;action;à-porter
GET;/transferrings/lifecycle/eliminate;records.toeliminate;LifeCycleController;recordToEliminate;"web Authenticate";D07;action;à-porter
GET;/transferrings/lifecycle/keep;records.tokeep;LifeCycleController;recordToKeep;"web Authenticate";D07;action;à-porter
GET;/transferrings/lifecycle/retain;records.toretain;LifeCycleController;recordToRetain;"web Authenticate";D07;action;à-porter
GET;/transferrings/lifecycle/sort;records.tosort;LifeCycleController;recordToSort;"web Authenticate";D07;action;à-porter
GET;/transferrings/lifecycle/store;records.tostore;LifeCycleController;recordToStore;"web Authenticate";D07;action;à-porter
GET;/transferrings/lifecycle/transfer;records.totransfer;LifeCycleController;recordToTransfer;"web Authenticate";D07;action;à-porter
GET;/tools/activities/{activity}/retentions;activities.retentions.index;RetentionActivityController;index;"web Authenticate";D07;crud;à-porter
POST;/tools/activities/{activity}/retentions;activities.retentions.store;RetentionActivityController;store;"web Authenticate";D07;crud;à-porter
GET;/tools/activities/{activity}/retentions/create;activities.retentions.create;RetentionActivityController;create;"web Authenticate";D07;vue;abandonné
GET;/tools/activities/{activity}/retentions/{retention};activities.retentions.show;RetentionActivityController;show;"web Authenticate";D07;crud;à-porter
PUT|PATCH;/tools/activities/{activity}/retentions/{retention};activities.retentions.update;RetentionActivityController;update;"web Authenticate";D07;crud;à-porter
DELETE;/tools/activities/{activity}/retentions/{retention};activities.retentions.destroy;RetentionActivityController;destroy;"web Authenticate";D07;crud;à-porter
GET;/tools/activities/{activity}/retentions/{retention}/edit;activities.retentions.edit;RetentionActivityController;edit;"web Authenticate";D07;vue;abandonné
GET;/tools/retentions;retentions.index;RetentionController;index;"web Authenticate";D07;crud;à-porter
POST;/tools/retentions;retentions.store;RetentionController;store;"web Authenticate";D07;crud;à-porter
GET;/tools/retentions/create;retentions.create;RetentionController;create;"web Authenticate";D07;vue;abandonné
GET;/tools/retentions/{retention};retentions.show;RetentionController;show;"web Authenticate";D07;crud;à-porter
PUT|PATCH;/tools/retentions/{retention};retentions.update;RetentionController;update;"web Authenticate";D07;crud;à-porter
DELETE;/tools/retentions/{retention};retentions.destroy;RetentionController;destroy;"web Authenticate";D07;crud;à-porter
GET;/tools/retentions/{retention}/edit;retentions.edit;RetentionController;edit;"web Authenticate";D07;vue;abandonné
GET;/tools/retentions/{retention}/exigences;retentions.exigences.index;RetentionLawArticleController;index;"web Authenticate";D07;crud;à-porter
POST;/tools/retentions/{retention}/exigences;retentions.exigences.store;RetentionLawArticleController;store;"web Authenticate";D07;crud;à-porter
GET;/tools/retentions/{retention}/exigences/create;retentions.exigences.create;RetentionLawArticleController;create;"web Authenticate";D07;vue;abandonné
GET;/tools/retentions/{retention}/exigences/{exigence};retentions.exigences.show;RetentionLawArticleController;show;"web Authenticate";D07;crud;à-porter
PUT|PATCH;/tools/retentions/{retention}/exigences/{exigence};retentions.exigences.update;RetentionLawArticleController;update;"web Authenticate";D07;crud;à-porter
DELETE;/tools/retentions/{retention}/exigences/{exigence};retentions.exigences.destroy;RetentionLawArticleController;destroy;"web Authenticate";D07;crud;à-porter
GET;/tools/retentions/{retention}/exigences/{exigence}/edit;retentions.exigences.edit;RetentionLawArticleController;edit;"web Authenticate";D07;vue;abandonné
POST;/api/thesaurus/import/csv/process;api.thesaurus.import.csv.process;"Api\ThesaurusImportController";processCsvImport;"web Authenticate";D08;action;à-porter
POST;/api/thesaurus/import/rdf/process;api.thesaurus.import.rdf.process;"Api\ThesaurusImportController";processRdfImport;"web Authenticate";D08;action;à-porter
POST;/api/thesaurus/import/skos/process;api.thesaurus.import.skos.process;"Api\ThesaurusImportController";processSkosImport;"web Authenticate";D08;action;à-porter
GET;/api/thesaurus/import/status/{importId};api.thesaurus.import.status;"Api\ThesaurusImportController";getImportStatus;"web Authenticate";D08;action;à-porter
GET;/tools/thesaurus/associative-relations;thesaurus.associative_relations.index;ThesaurusAssociativeRelationController;index;"web Authenticate";D08;crud;à-porter
GET;/tools/thesaurus/associative-relations/create/{term};thesaurus.associative_relations.create;ThesaurusAssociativeRelationController;create;"web Authenticate";D08;vue;abandonné
DELETE;/tools/thesaurus/associative-relations/destroy/{termId}/{associatedTermId};thesaurus.associative_relations.destroy;ThesaurusAssociativeRelationController;destroy;"web Authenticate";D08;crud;à-porter
POST;/tools/thesaurus/associative-relations/store/{term};thesaurus.associative_relations.store;ThesaurusAssociativeRelationController;store;"web Authenticate";D08;crud;à-porter
POST;/api/thesaurus/search;api.thesaurus.search;ThesaurusController;searchApi;"web Authenticate:sanctum";D08;action;à-porter
GET;/tools/thesaurus;thesaurus.index;ThesaurusController;index;"web Authenticate";D08;crud;à-porter
POST;/tools/thesaurus;thesaurus.store;ThesaurusController;store;"web Authenticate";D08;crud;à-porter
POST;/tools/thesaurus/auto-associate-concepts;thesaurus.auto-associate-concepts;ThesaurusController;autoAssociateConcepts;"web Authenticate";D08;action;à-porter
GET;/tools/thesaurus/concepts;thesaurus.concepts;ThesaurusController;concepts;"web Authenticate";D08;action;à-porter
GET;/tools/thesaurus/concepts/{concept};thesaurus.concepts.show;ThesaurusController;showConcept;"web Authenticate";D08;action;à-porter
GET;/tools/thesaurus/create;thesaurus.create;ThesaurusController;create;"web Authenticate";D08;vue;abandonné
GET;/tools/thesaurus/export-import;thesaurus.export-import;ThesaurusController;importExport;"web Authenticate";D08;export;à-porter
POST;/tools/thesaurus/export-scheme;thesaurus.export-scheme;ThesaurusController;exportScheme;"web Authenticate";D08;export;à-porter
GET;/tools/thesaurus/hierarchical-relations/{term};thesaurus.hierarchical_relations.index;ThesaurusController;hierarchicalRelationsIndex;"web Authenticate";D08;action;à-porter
GET;/tools/thesaurus/hierarchical-relations/{term}/broader/create;thesaurus.hierarchical_relations.broader.create;ThesaurusController;createBroaderRelation;"web Authenticate";D08;action;à-porter
POST;/tools/thesaurus/hierarchical-relations/{term}/broader/store;thesaurus.hierarchical_relations.broader.store;ThesaurusController;storeBroaderRelation;"web Authenticate";D08;action;à-porter
GET;/tools/thesaurus/hierarchical-relations/{term}/narrower/create;thesaurus.hierarchical_relations.narrower.create;ThesaurusController;createNarrowerRelation;"web Authenticate";D08;action;à-porter
POST;/tools/thesaurus/hierarchical-relations/{term}/narrower/store;thesaurus.hierarchical_relations.narrower.store;ThesaurusController;storeNarrowerRelation;"web Authenticate";D08;action;à-porter
DELETE;/tools/thesaurus/hierarchical-relations/{term}/{relationType}/{relatedTerm};thesaurus.hierarchical_relations.destroy;ThesaurusController;destroyHierarchicalRelation;"web Authenticate";D08;action;à-porter
GET;/tools/thesaurus/hierarchy;thesaurus.hierarchy;ThesaurusController;hierarchy;"web Authenticate";D08;action;à-porter
POST;/tools/thesaurus/import-file;thesaurus.import-file;ThesaurusController;importFile;"web Authenticate";D08;upload;à-porter
GET;/tools/thesaurus/record-concept-relations;thesaurus.record-concept-relations;ThesaurusController;recordConceptRelations;"web Authenticate";D08;action;à-porter
GET;/tools/thesaurus/search/autocomplete;thesaurus.autocomplete;ThesaurusController;autocomplete;"web Authenticate";D08;action;à-porter
GET;/tools/thesaurus/statistics;thesaurus.statistics;ThesaurusController;statistics;"web Authenticate";D08;action;à-porter
GET;/tools/thesaurus/{};thesaurus.show;ThesaurusController;show;"web Authenticate";D08;crud;à-porter
PUT|PATCH;/tools/thesaurus/{};thesaurus.update;ThesaurusController;update;"web Authenticate";D08;crud;à-porter
DELETE;/tools/thesaurus/{};thesaurus.destroy;ThesaurusController;destroy;"web Authenticate";D08;crud;à-porter
GET;/tools/thesaurus/{}/edit;thesaurus.edit;ThesaurusController;edit;"web Authenticate";D08;vue;abandonné
GET;/tools/thesaurus/schemes;thesaurus.schemes.index;ThesaurusSchemeController;index;"web Authenticate";D08;crud;à-porter
POST;/tools/thesaurus/schemes;thesaurus.schemes.store;ThesaurusSchemeController;store;"web Authenticate";D08;crud;à-porter
GET;/tools/thesaurus/schemes/create;thesaurus.schemes.create;ThesaurusSchemeController;create;"web Authenticate";D08;vue;abandonné
GET;/tools/thesaurus/schemes/{scheme};thesaurus.schemes.show;ThesaurusSchemeController;show;"web Authenticate";D08;crud;à-porter
PUT|PATCH;/tools/thesaurus/schemes/{scheme};thesaurus.schemes.update;ThesaurusSchemeController;update;"web Authenticate";D08;crud;à-porter
DELETE;/tools/thesaurus/schemes/{scheme};thesaurus.schemes.destroy;ThesaurusSchemeController;destroy;"web Authenticate";D08;crud;à-porter
GET;/tools/thesaurus/schemes/{scheme}/edit;thesaurus.schemes.edit;ThesaurusSchemeController;edit;"web Authenticate";D08;vue;abandonné
GET;/tools/thesaurus/search;thesaurus.search.index;ThesaurusSearchController;index;"web Authenticate";D08;crud;à-porter
GET;/tools/thesaurus/search/results;thesaurus.search.results;ThesaurusSearchController;search;"web Authenticate";D08;action;à-porter
GET;/tools/thesaurus/translations;thesaurus.translations.index;ThesaurusTranslationController;index;"web Authenticate";D08;crud;à-porter
GET;/tools/thesaurus/translations/create/{term};thesaurus.translations.create;ThesaurusTranslationController;create;"web Authenticate";D08;vue;abandonné
DELETE;/tools/thesaurus/translations/destroy/{sourceTermId}/{targetTermId};thesaurus.translations.destroy;ThesaurusTranslationController;destroy;"web Authenticate";D08;crud;à-porter
POST;/tools/thesaurus/translations/store/{term};thesaurus.translations.store;ThesaurusTranslationController;store;"web Authenticate";D08;crud;à-porter
GET;/password/confirm;password.confirm;"Auth\ConfirmPasswordController";showConfirmForm;"web Authenticate";D09;action;à-porter
POST;/password/confirm;;"Auth\ConfirmPasswordController";confirm;"web Authenticate";D09;action;à-porter
POST;/password/email;password.email;"Auth\ForgotPasswordController";sendResetLinkEmail;web;D09;action;à-porter
GET;/password/reset;password.request;"Auth\ForgotPasswordController";showLinkRequestForm;web;D09;action;à-porter
GET;/login;login;"Auth\LoginController";showLoginForm;"web RedirectIfAuthenticated";D09;action;à-porter
POST;/login;;"Auth\LoginController";login;"web RedirectIfAuthenticated";D09;action;à-porter
POST;/logout;logout;"Auth\LoginController";logout;web;D09;action;à-porter
GET;/register;register;"Auth\RegisterController";showRegistrationForm;"web RedirectIfAuthenticated";D09;action;à-porter
POST;/register;;"Auth\RegisterController";register;"web RedirectIfAuthenticated";D09;action;à-porter
POST;/password/reset;password.update;"Auth\ResetPasswordController";reset;web;D09;action;à-porter
GET;/password/reset/{token};password.reset;"Auth\ResetPasswordController";showResetForm;web;D09;action;à-porter
GET;/tools/organisations/{organisation}/activities;organisations.activities.index;OrganisationActivityController;index;"web Authenticate";D09;crud;à-porter
POST;/tools/organisations/{organisation}/activities;organisations.activities.store;OrganisationActivityController;store;"web Authenticate";D09;crud;à-porter
GET;/tools/organisations/{organisation}/activities/create;organisations.activities.create;OrganisationActivityController;create;"web Authenticate";D09;vue;abandonné
GET;/tools/organisations/{organisation}/activities/{activity};organisations.activities.show;OrganisationActivityController;show;"web Authenticate";D09;crud;à-porter
PUT|PATCH;/tools/organisations/{organisation}/activities/{activity};organisations.activities.update;OrganisationActivityController;update;"web Authenticate";D09;crud;à-porter
DELETE;/tools/organisations/{organisation}/activities/{activity};organisations.activities.destroy;OrganisationActivityController;destroy;"web Authenticate";D09;crud;à-porter
GET;/tools/organisations/{organisation}/activities/{activity}/edit;organisations.activities.edit;OrganisationActivityController;edit;"web Authenticate";D09;vue;abandonné
GET;/tools/organisations/{organisation}/contacts;organisations.contacts.index;OrganisationContactController;index;"web Authenticate";D09;crud;à-porter
POST;/tools/organisations/{organisation}/contacts;organisations.contacts.store;OrganisationContactController;store;"web Authenticate";D09;crud;à-porter
GET;/tools/organisations/{organisation}/contacts/create;organisations.contacts.create;OrganisationContactController;create;"web Authenticate";D09;vue;abandonné
GET;/tools/organisations/{organisation}/contacts/{contact};organisations.contacts.show;OrganisationContactController;show;"web Authenticate";D09;crud;à-porter
PUT|PATCH;/tools/organisations/{organisation}/contacts/{contact};organisations.contacts.update;OrganisationContactController;update;"web Authenticate";D09;crud;à-porter
DELETE;/tools/organisations/{organisation}/contacts/{contact};organisations.contacts.destroy;OrganisationContactController;destroy;"web Authenticate";D09;crud;à-porter
GET;/tools/organisations/{organisation}/contacts/{contact}/edit;organisations.contacts.edit;OrganisationContactController;edit;"web Authenticate";D09;vue;abandonné
POST;/switch-organisation;switch.organisation;OrganisationController;switchOrganisation;"web Authenticate";D09;action;à-porter
GET;/tools/organisations;organisations.index;OrganisationController;index;"web Authenticate";D09;crud;à-porter
POST;/tools/organisations;organisations.store;OrganisationController;store;"web Authenticate";D09;crud;à-porter
GET;/tools/organisations/create;organisations.create;OrganisationController;create;"web Authenticate";D09;vue;abandonné
GET;/tools/organisations/export/excel;organisations.export.excel;OrganisationController;exportExcel;"web Authenticate";D09;export;à-porter
GET;/tools/organisations/export/pdf;organisations.export.pdf;OrganisationController;exportPdf;"web Authenticate";D09;export;à-porter
GET;/tools/organisations/{organisation};organisations.show;OrganisationController;show;"web Authenticate";D09;crud;à-porter
PUT|PATCH;/tools/organisations/{organisation};organisations.update;OrganisationController;update;"web Authenticate";D09;crud;à-porter
DELETE;/tools/organisations/{organisation};organisations.destroy;OrganisationController;destroy;"web Authenticate";D09;crud;à-porter
GET;/tools/organisations/{organisation}/edit;organisations.edit;OrganisationController;edit;"web Authenticate";D09;vue;abandonné
GET;/tools/organisations/{organisation}/rooms;organisations.rooms.index;OrganisationRoomController;index;"web Authenticate";D09;crud;à-porter
POST;/tools/organisations/{organisation}/rooms;organisations.rooms.store;OrganisationRoomController;store;"web Authenticate";D09;crud;à-porter
GET;/tools/organisations/{organisation}/rooms/create;organisations.rooms.create;OrganisationRoomController;create;"web Authenticate";D09;vue;abandonné
GET;/tools/organisations/{organisation}/rooms/{room};organisations.rooms.show;OrganisationRoomController;show;"web Authenticate";D09;crud;à-porter
PUT|PATCH;/tools/organisations/{organisation}/rooms/{room};organisations.rooms.update;OrganisationRoomController;update;"web Authenticate";D09;crud;à-porter
DELETE;/tools/organisations/{organisation}/rooms/{room};organisations.rooms.destroy;OrganisationRoomController;destroy;"web Authenticate";D09;crud;à-porter
GET;/tools/organisations/{organisation}/rooms/{room}/edit;organisations.rooms.edit;OrganisationRoomController;edit;"web Authenticate";D09;vue;abandonné
GET;/settings/roles;roles.index;RoleController;index;"web Authenticate";D09;crud;à-porter
POST;/settings/roles;roles.store;RoleController;store;"web Authenticate";D09;crud;à-porter
GET;/settings/roles/create;roles.create;RoleController;create;"web Authenticate";D09;vue;abandonné
GET;/settings/roles/{role};roles.show;RoleController;show;"web Authenticate";D09;crud;à-porter
PUT|PATCH;/settings/roles/{role};roles.update;RoleController;update;"web Authenticate";D09;crud;à-porter
DELETE;/settings/roles/{role};roles.destroy;RoleController;destroy;"web Authenticate";D09;crud;à-porter
GET;/settings/roles/{role}/edit;roles.edit;RoleController;edit;"web Authenticate";D09;vue;abandonné
GET;/settings/role_permissions;role_permissions.index;RolePermissionController;index;"web Authenticate";D09;crud;à-porter
POST;/settings/role_permissions;role_permissions.store;RolePermissionController;store;"web Authenticate";D09;crud;à-porter
GET;/settings/role_permissions/create;role_permissions.create;RolePermissionController;create;"web Authenticate";D09;vue;abandonné
PUT;/settings/role_permissions/matrix;role_permissions.update_matrix;RolePermissionController;updateMatrix;"web Authenticate";D09;action;à-porter
GET;/settings/role_permissions/{role_permission};role_permissions.show;RolePermissionController;show;"web Authenticate";D09;crud;à-porter
PUT|PATCH;/settings/role_permissions/{role_permission};role_permissions.update;RolePermissionController;update;"web Authenticate";D09;crud;à-porter
DELETE;/settings/role_permissions/{role_permission};role_permissions.destroy;RolePermissionController;destroy;"web Authenticate";D09;crud;à-porter
GET;/settings/role_permissions/{role_permission}/edit;role_permissions.edit;RolePermissionController;edit;"web Authenticate";D09;vue;abandonné
GET;/settings/role_permissions/{role}/permissions;role_permissions.get_permissions;RolePermissionController;getRolePermissions;"web Authenticate";D09;action;à-porter
GET;/settings/users;users.index;UserController;index;"web Authenticate";D09;crud;à-porter
POST;/settings/users;users.store;UserController;store;"web Authenticate";D09;crud;à-porter
GET;/settings/users/create;users.create;UserController;create;"web Authenticate";D09;vue;abandonné
GET;/settings/users/{user};users.show;UserController;show;"web Authenticate";D09;crud;à-porter
PUT|PATCH;/settings/users/{user};users.update;UserController;update;"web Authenticate";D09;crud;à-porter
DELETE;/settings/users/{user};users.destroy;UserController;destroy;"web Authenticate";D09;crud;à-porter
GET;/settings/users/{user}/edit;users.edit;UserController;edit;"web Authenticate";D09;vue;abandonné
GET;/settings/user-organisation-role;user-organisation-role.index;UserOrganisationRoleController;index;"web Authenticate";D09;crud;à-porter
POST;/settings/user-organisation-role;user-organisation-role.store;UserOrganisationRoleController;store;"web Authenticate";D09;crud;à-porter
GET;/settings/user-organisation-role/create;user-organisation-role.create;UserOrganisationRoleController;create;"web Authenticate";D09;vue;abandonné
GET;/settings/user-organisation-role/{user_organisation_role};user-organisation-role.show;UserOrganisationRoleController;show;"web Authenticate";D09;crud;à-porter
PUT|PATCH;/settings/user-organisation-role/{user_organisation_role};user-organisation-role.update;UserOrganisationRoleController;update;"web Authenticate";D09;crud;à-porter
DELETE;/settings/user-organisation-role/{user_organisation_role};user-organisation-role.destroy;UserOrganisationRoleController;destroy;"web Authenticate";D09;crud;à-porter
GET;/settings/user-organisation-role/{user_organisation_role}/edit;user-organisation-role.edit;UserOrganisationRoleController;edit;"web Authenticate";D09;vue;abandonné
GET;/settings/user-roles;user-roles.index;UserRoleController;index;"web Authenticate";D09;crud;à-porter
POST;/settings/user-roles;user-roles.store;UserRoleController;store;"web Authenticate";D09;crud;à-porter
GET;/settings/user-roles/create;user-roles.create;UserRoleController;create;"web Authenticate";D09;vue;abandonné
GET;/settings/user-roles/{user_role};user-roles.show;UserRoleController;show;"web Authenticate";D09;crud;à-porter
PUT|PATCH;/settings/user-roles/{user_role};user-roles.update;UserRoleController;update;"web Authenticate";D09;crud;à-porter
DELETE;/settings/user-roles/{user_role};user-roles.destroy;UserRoleController;destroy;"web Authenticate";D09;crud;à-porter
GET;/settings/user-roles/{user_role}/edit;user-roles.edit;UserRoleController;edit;"web Authenticate";D09;vue;abandonné
GET;/communications/search;communications.search.index;SearchCommunicationController;index;"web Authenticate";D10;crud;à-porter
POST;/communications/search/advanced;communications.search.advanced;SearchCommunicationController;advanced;"web Authenticate";D10;action;à-porter
GET;/communications/search/date-selection;communications.search.date-selection;SearchCommunicationController;date;"web Authenticate";D10;action;à-porter
GET;/communications/search/form;communications.search.form;SearchCommunicationController;form;"web Authenticate";D10;action;à-porter
GET;/mails/search;mails.search;SearchController;index;"web Authenticate";D10;crud;à-porter
GET;/transferrings/search;transferrings.search;SearchController;index;"web Authenticate";D10;crud;à-porter
POST;/mails/advanced;mails.advanced;SearchMailController;advanced;"web Authenticate";D10;action;à-porter
GET;/mails/advanced/form;mails.advanced.form;SearchMailController;form;"web Authenticate";D10;action;à-porter
GET;/mails/chart;mails.chart;SearchMailController;chart;"web Authenticate";D10;action;à-porter
GET;/mails/mail-typologies;mail-select-typologies;SearchMailController;mailTypologies;"web Authenticate";D10;action;à-porter
GET;/mails/select;mail-select-date;SearchMailController;date;"web Authenticate";D10;action;à-porter
GET;/mails/sort;mails.sort;SearchMailController;advanced;"web Authenticate";D10;action;à-porter
GET;/mails/feedback;mail-feedback;SearchMailFeedbackController;index;"web Authenticate";D10;crud;à-porter
GET;/repositories/activity;record-select-activity;SearchRecordController;selectActivity;"web Authenticate";D10;action;à-porter
GET;/repositories/advanced;records.advanced.get;SearchRecordController;advanced;"web Authenticate";D10;action;à-porter
POST;/repositories/advanced;records.advanced;SearchRecordController;advanced;"web Authenticate";D10;action;à-porter
GET;/repositories/advanced/form;records.advanced.form;SearchRecordController;form;"web Authenticate";D10;action;à-porter
GET;/repositories/building;record-select-building;SearchRecordController;selectBuilding;"web Authenticate";D10;action;à-porter
GET;/repositories/container;record-select-container;SearchRecordController;selectContainer;"web Authenticate";D10;action;à-porter
GET;/repositories/floor;record-select-floor;SearchRecordController;selectFloor;"web Authenticate";D10;action;à-porter
GET;/repositories/last;record-select-last;SearchRecordController;selectLast;"web Authenticate";D10;action;à-porter
GET;/repositories/room;record-select-room;SearchRecordController;selectRoom;"web Authenticate";D10;action;à-porter
GET;/repositories/select;record-select-date;SearchRecordController;date;"web Authenticate";D10;action;à-porter
GET;/repositories/shelve;record-select-shelve;SearchRecordController;selectShelve;"web Authenticate";D10;action;à-porter
GET;/repositories/sort;records.sort;SearchRecordController;sort;"web Authenticate";D10;action;à-porter
GET;/repositories/word;record-select-word;SearchRecordController;selectWord;"web Authenticate";D10;action;à-porter
GET;/communications/reservations/search;communications.reservations.search.index;SearchReservationController;index;"web Authenticate";D10;crud;à-porter
GET;/communications/reservations/search/date-selection;communications.reservations.search.date-selection;SearchReservationController;date;"web Authenticate";D10;action;à-porter
GET;/transferrings/advanced;slips.advanced.form;SearchSlipController;form;"web Authenticate";D10;action;à-porter
POST;/transferrings/advanced;search.slips.advanced;SearchSlipController;advanced;"web Authenticate";D10;action;à-porter
GET;/transferrings/organisation/select;slips-select-organisation;SearchSlipController;organisation;"web Authenticate";D10;action;à-porter
GET;/transferrings/slip/select;slips-select-date;SearchSlipController;date;"web Authenticate";D10;action;à-porter
GET;/transferrings/slip/sort;slips-sort;SearchSlipController;index;"web Authenticate";D10;crud;à-porter
GET;/dollies/sort;dollies-sort;SearchdollyController;index;"web Authenticate";D10;crud;à-porter
GET;/dollies/action;dollies.action;DollyActionController;index;"web Authenticate";D11;crud;à-porter
GET;/api/dollies;;DollyController;apiList;"web Authenticate";D11;action;à-porter
POST;/api/dollies;;DollyController;apiCreate;"web Authenticate";D11;action;à-porter
GET;/dollies;;DollyController;index;"web Authenticate";D11;crud;à-porter
POST;/dollies/create-with-communications;dolly.createWithCommunications;DollyController;createWithCommunications;"web Authenticate";D11;action;à-porter
GET;/dollies/dolly;dolly.index;DollyController;index;"web Authenticate";D11;crud;à-porter
POST;/dollies/dolly;dolly.store;DollyController;store;"web Authenticate";D11;crud;à-porter
GET;/dollies/dolly/create;dolly.create;DollyController;create;"web Authenticate";D11;vue;abandonné
GET;/dollies/dolly/{dolly};dolly.show;DollyController;show;"web Authenticate";D11;crud;à-porter
PUT|PATCH;/dollies/dolly/{dolly};dolly.update;DollyController;update;"web Authenticate";D11;crud;à-porter
DELETE;/dollies/dolly/{dolly};dolly.destroy;DollyController;destroy;"web Authenticate";D11;crud;à-porter
GET;/dollies/dolly/{dolly}/edit;dolly.edit;DollyController;edit;"web Authenticate";D11;vue;abandonné
GET;/dollies/list;dollies.list;DollyController;apiList;"web Authenticate";D11;action;à-porter
POST;/dollies/store;dollies.store;DollyController;apiCreate;"web Authenticate";D11;action;à-porter
POST;/dollies/{dolly}/add-communication;dolly.add-communication;DollyController;addCommunication;"web Authenticate";D11;action;à-porter
POST;/dollies/{dolly}/add-container;dolly.add-container;DollyController;addContainer;"web Authenticate";D11;action;à-porter
POST;/dollies/{dolly}/add-digital-document;dolly.add-digital-document;DollyController;addDigitalDocument;"web Authenticate";D11;action;à-porter
POST;/dollies/{dolly}/add-digital-folder;dolly.add-digital-folder;DollyController;addDigitalFolder;"web Authenticate";D11;action;à-porter
POST;/dollies/{dolly}/add-mail;dolly.add-mail;DollyController;addMail;"web Authenticate";D11;action;à-porter
POST;/dollies/{dolly}/add-record;dolly.add-record;DollyController;addRecord;"web Authenticate";D11;action;à-porter
POST;/dollies/{dolly}/add-room;dolly.add-room;DollyController;addRoom;"web Authenticate";D11;action;à-porter
POST;/dollies/{dolly}/add-shelve;dolly.add-shelve;DollyController;addShelve;"web Authenticate";D11;action;à-porter
POST;/dollies/{dolly}/add-slip-record;dolly.add-slip-record;DollyController;addSlipRecord;"web Authenticate";D11;action;à-porter
DELETE;/dollies/{dolly}/remove-communication/{communication};dolly.remove-communication;DollyController;removeCommunication;"web Authenticate";D11;action;à-porter
DELETE;/dollies/{dolly}/remove-container/{container};dolly.remove-container;DollyController;removeContainer;"web Authenticate";D11;action;à-porter
DELETE;/dollies/{dolly}/remove-digital-document/{document};dolly.remove-digital-document;DollyController;removeDigitalDocument;"web Authenticate";D11;action;à-porter
DELETE;/dollies/{dolly}/remove-digital-folder/{folder};dolly.remove-digital-folder;DollyController;removeDigitalFolder;"web Authenticate";D11;action;à-porter
DELETE;/dollies/{dolly}/remove-mail/{mail};dolly.remove-mail;DollyController;removeMail;"web Authenticate";D11;action;à-porter
DELETE;/dollies/{dolly}/remove-record/{record};dolly.remove-record;DollyController;removeRecord;"web Authenticate";D11;action;à-porter
DELETE;/dollies/{dolly}/remove-room/{room};dolly.remove-room;DollyController;removeRoom;"web Authenticate";D11;action;à-porter
DELETE;/dollies/{dolly}/remove-shelve/{shelve};dolly.remove-shelve;DollyController;removeShelve;"web Authenticate";D11;action;à-porter
DELETE;/dollies/{dolly}/remove-slip-record/{slipRecord};dolly.remove-slip-record;DollyController;removeSlipRecord;"web Authenticate";D11;action;à-porter
POST;/repositories/dolly/create-with-records;dolly.createWithRecords;DollyController;createWithRecords;"web Authenticate";D11;action;à-porter
POST;/dolly-handler/add-items;;DollyHandlerController;addItems;"web Authenticate";D11;action;à-porter
DELETE;/dolly-handler/clean;;DollyHandlerController;clean;"web Authenticate";D11;action;à-porter
POST;/dolly-handler/create;;DollyHandlerController;addDolly;"web Authenticate";D11;action;à-porter
GET;/dolly-handler/list;;DollyHandlerController;list;"web Authenticate";D11;action;à-porter
DELETE;/dolly-handler/remove-items;;DollyHandlerController;removeItems;"web Authenticate";D11;action;à-porter
DELETE;/dolly-handler/{dolly_id};;DollyHandlerController;deleteDolly;"web Authenticate";D11;action;à-porter
GET;/chats;chats.index;ChatController;index;"web Authenticate";D12;crud;à-porter
POST;/chats;chats.store;ChatController;store;"web Authenticate";D12;crud;à-porter
GET;/chats/{conversation};chats.show;ChatController;show;"web Authenticate";D12;crud;à-porter
DELETE;/chats/{conversation};chats.destroy;ChatController;destroy;"web Authenticate";D12;crud;à-porter
POST;/chats/{conversation}/messages;chats.send;ChatController;storeMessage;"web Authenticate";D12;action;à-porter
GET;/tasks;tasks.index;TaskController;index;"web Authenticate";D12;crud;à-porter
POST;/tasks;tasks.store;TaskController;store;"web Authenticate";D12;crud;à-porter
GET;/tasks/create;tasks.create;TaskController;create;"web Authenticate";D12;vue;abandonné
GET;/tasks/{task};tasks.show;TaskController;show;"web Authenticate";D12;crud;à-porter
PUT;/tasks/{task};tasks.update;TaskController;update;"web Authenticate";D12;crud;à-porter
DELETE;/tasks/{task};tasks.destroy;TaskController;destroy;"web Authenticate";D12;crud;à-porter
GET;/tasks/{task}/edit;tasks.edit;TaskController;edit;"web Authenticate";D12;vue;abandonné
GET;/workplaces/{workplace}/activities;workplaces.activities.index;WorkplaceActivityController;index;"web Authenticate";D12;crud;à-porter
GET;/workplaces/{workplace}/bookmarks;workplaces.bookmarks.index;WorkplaceBookmarkController;index;"web Authenticate";D12;crud;à-porter
POST;/workplaces/{workplace}/bookmarks;workplaces.bookmarks.store;WorkplaceBookmarkController;store;"web Authenticate";D12;crud;à-porter
DELETE;/workplaces/{workplace}/bookmarks/{bookmark};workplaces.bookmarks.destroy;WorkplaceBookmarkController;destroy;"web Authenticate";D12;crud;à-porter
GET;/workplaces/{workplace}/content/documents;workplaces.content.documents;WorkplaceContentController;documents;"web Authenticate";D12;action;à-porter
POST;/workplaces/{workplace}/content/documents;workplaces.content.shareDocument;WorkplaceContentController;shareDocument;"web Authenticate";D12;action;à-porter
DELETE;/workplaces/{workplace}/content/documents/{document};workplaces.content.unshareDocument;WorkplaceContentController;unshareDocument;"web Authenticate";D12;action;à-porter
POST;/workplaces/{workplace}/content/documents/{document}/feature;workplaces.content.featureDocument;WorkplaceContentController;featureDocument;"web Authenticate";D12;action;à-porter
GET;/workplaces/{workplace}/content/documents/{document}/view;workplaces.content.viewDocument;WorkplaceContentController;viewDocument;"web Authenticate";D12;action;à-porter
GET;/workplaces/{workplace}/content/folders;workplaces.content.folders;WorkplaceContentController;folders;"web Authenticate";D12;action;à-porter
POST;/workplaces/{workplace}/content/folders;workplaces.content.shareFolder;WorkplaceContentController;shareFolder;"web Authenticate";D12;action;à-porter
DELETE;/workplaces/{workplace}/content/folders/{folder};workplaces.content.unshareFolder;WorkplaceContentController;unshareFolder;"web Authenticate";D12;action;à-porter
POST;/workplaces/{workplace}/content/folders/{folder}/pin;workplaces.content.pinFolder;WorkplaceContentController;pinFolder;"web Authenticate";D12;action;à-porter
GET;/workplaces/{workplace}/content/search-documents;workplaces.content.searchDocuments;WorkplaceContentController;searchDocuments;"web Authenticate";D12;action;à-porter
GET;/workplaces/{workplace}/content/search-folders;workplaces.content.searchFolders;WorkplaceContentController;searchFolders;"web Authenticate";D12;action;à-porter
GET;/workplaces;workplaces.index;WorkplaceController;index;"web Authenticate";D12;crud;à-porter
POST;/workplaces;workplaces.store;WorkplaceController;store;"web Authenticate";D12;crud;à-porter
GET;/workplaces/create;workplaces.create;WorkplaceController;create;"web Authenticate";D12;vue;abandonné
GET;/workplaces/{workplace};workplaces.show;WorkplaceController;show;"web Authenticate";D12;crud;à-porter
PUT;/workplaces/{workplace};workplaces.update;WorkplaceController;update;"web Authenticate";D12;crud;à-porter
DELETE;/workplaces/{workplace};workplaces.destroy;WorkplaceController;destroy;"web Authenticate";D12;crud;à-porter
POST;/workplaces/{workplace}/archive;workplaces.archive;WorkplaceController;archive;"web Authenticate";D12;action;à-porter
GET;/workplaces/{workplace}/edit;workplaces.edit;WorkplaceController;edit;"web Authenticate";D12;vue;abandonné
GET;/workplaces/{workplace}/settings;workplaces.settings;WorkplaceController;settings;"web Authenticate";D12;action;à-porter
GET;/workplaces/invitations/{token};workplaces.invitations.accept;WorkplaceInvitationController;accept;web;D12;action;à-porter
GET;/workplaces/{workplace}/members;workplaces.members.index;WorkplaceMemberController;index;"web Authenticate";D12;crud;à-porter
POST;/workplaces/{workplace}/members;workplaces.members.store;WorkplaceMemberController;store;"web Authenticate";D12;crud;à-porter
PUT;/workplaces/{workplace}/members/{member};workplaces.members.update;WorkplaceMemberController;update;"web Authenticate";D12;crud;à-porter
DELETE;/workplaces/{workplace}/members/{member};workplaces.members.destroy;WorkplaceMemberController;destroy;"web Authenticate";D12;crud;à-porter
PUT;/workplaces/{workplace}/members/{member}/notifications;workplaces.members.notifications;WorkplaceMemberController;updateNotifications;"web Authenticate";D12;action;à-porter
PUT;/workplaces/{workplace}/members/{member}/permissions;workplaces.members.permissions;WorkplaceMemberController;updatePermissions;"web Authenticate";D12;action;à-porter
GET;/workplaces/{workplace}/messages;workplaces.messages.index;WorkplaceMessageController;index;"web Authenticate";D12;crud;à-porter
POST;/workplaces/{workplace}/messages;workplaces.messages.store;WorkplaceMessageController;store;"web Authenticate";D12;crud;à-porter
GET;/workplaces/{workplace}/messages/{conversation};workplaces.messages.show;WorkplaceMessageController;show;"web Authenticate";D12;crud;à-porter
DELETE;/workplaces/{workplace}/messages/{conversation};workplaces.messages.destroy;WorkplaceMessageController;destroy;"web Authenticate";D12;crud;à-porter
POST;/workplaces/{workplace}/messages/{conversation}/messages;workplaces.messages.send;WorkplaceMessageController;storeMessage;"web Authenticate";D12;action;à-porter
GET;/workplaces/templates;workplaces.templates.index;WorkplaceTemplateController;index;"web Authenticate";D12;crud;à-porter
POST;/workplaces/templates;workplaces.templates.store;WorkplaceTemplateController;store;"web Authenticate";D12;crud;à-porter
GET;/workplaces/templates/create;workplaces.templates.create;WorkplaceTemplateController;create;"web Authenticate";D12;vue;abandonné
GET;/workplaces/templates/{template};workplaces.templates.show;WorkplaceTemplateController;show;"web Authenticate";D12;crud;à-porter
PUT|PATCH;/workplaces/templates/{template};workplaces.templates.update;WorkplaceTemplateController;update;"web Authenticate";D12;crud;à-porter
DELETE;/workplaces/templates/{template};workplaces.templates.destroy;WorkplaceTemplateController;destroy;"web Authenticate";D12;crud;à-porter
GET;/workplaces/templates/{template}/edit;workplaces.templates.edit;WorkplaceTemplateController;edit;"web Authenticate";D12;vue;abandonné
GET;/workflows/definitions;workflows.definitions.index;WorkflowDefinitionController;index;"web Authenticate";D13;crud;à-porter
POST;/workflows/definitions;workflows.definitions.store;WorkflowDefinitionController;store;"web Authenticate";D13;crud;à-porter
GET;/workflows/definitions/create;workflows.definitions.create;WorkflowDefinitionController;create;"web Authenticate";D13;vue;abandonné
GET;/workflows/definitions/{definition};workflows.definitions.show;WorkflowDefinitionController;show;"web Authenticate";D13;crud;à-porter
PUT;/workflows/definitions/{definition};workflows.definitions.update;WorkflowDefinitionController;update;"web Authenticate";D13;crud;à-porter
DELETE;/workflows/definitions/{definition};workflows.definitions.destroy;WorkflowDefinitionController;destroy;"web Authenticate";D13;crud;à-porter
POST;/workflows/definitions/{definition}/configuration;workflows.definitions.configuration.store;WorkflowDefinitionController;storeConfiguration;"web Authenticate";D13;action;à-porter
PUT;/workflows/definitions/{definition}/configuration;workflows.definitions.configuration.update;WorkflowDefinitionController;updateConfiguration;"web Authenticate";D13;action;à-porter
GET;/workflows/definitions/{definition}/configuration/create;workflows.definitions.configuration.create;WorkflowDefinitionController;createConfiguration;"web Authenticate";D13;action;à-porter
GET;/workflows/definitions/{definition}/configuration/edit;workflows.definitions.configuration.edit;WorkflowDefinitionController;editConfiguration;"web Authenticate";D13;action;à-porter
GET;/workflows/definitions/{definition}/edit;workflows.definitions.edit;WorkflowDefinitionController;edit;"web Authenticate";D13;vue;abandonné
GET;/workflows/instances;workflows.instances.index;WorkflowInstanceController;index;"web Authenticate";D13;crud;à-porter
POST;/workflows/instances;workflows.instances.store;WorkflowInstanceController;store;"web Authenticate";D13;crud;à-porter
GET;/workflows/instances/create;workflows.instances.create;WorkflowInstanceController;create;"web Authenticate";D13;vue;abandonné
GET;/workflows/instances/{instance};workflows.instances.show;WorkflowInstanceController;show;"web Authenticate";D13;crud;à-porter
DELETE;/workflows/instances/{instance};workflows.instances.destroy;WorkflowInstanceController;destroy;"web Authenticate";D13;crud;à-porter
POST;/workflows/instances/{instance}/cancel;workflows.instances.cancel;WorkflowInstanceController;cancel;"web Authenticate";D13;action;à-porter
POST;/workflows/instances/{instance}/pause;workflows.instances.pause;WorkflowInstanceController;pause;"web Authenticate";D13;action;à-porter
POST;/workflows/instances/{instance}/resume;workflows.instances.resume;WorkflowInstanceController;resume;"web Authenticate";D13;action;à-porter
POST;/workflows/instances/{instance}/start;workflows.instances.start;WorkflowInstanceController;start;"web Authenticate";D13;action;à-porter
GET;/ai-search/resources;ai-search.resources;AiResourceController;index;"web Authenticate";D14;crud;à-porter
GET;/ai-search;ai-search.index;AiSearchController;index;"web Authenticate";D14;crud;à-porter
POST;/ai-search/chat;ai-search.chat;AiSearchController;chat;"web Authenticate";D14;action;à-porter
GET;/ai-search/documentation;ai-search.documentation;AiSearchController;documentation;"web Authenticate";D14;action;à-porter
GET;/ai-search/test-interface;ai-search.test.interface;AiSearchTestController;testInterface;"web Authenticate";D14;action;à-porter
GET;/ai-search/test/{testName};ai-search.test.single;AiSearchTestController;runTest;"web Authenticate";D14;action;à-porter
GET;/ai-search/tests;ai-search.tests;AiSearchTestController;runTests;"web Authenticate";D14;action;à-porter
POST;/ai-search/skills/install;ai-search.skills.install;AiSkillController;install;"web Authenticate";D14;action;à-porter
DELETE;/ai-search/skills/{skill};ai-search.skills.destroy;AiSkillController;destroy;"web Authenticate";D14;crud;à-porter
POST;/ai-search/skills/{skill}/toggle;ai-search.skills.toggle;AiSkillController;toggle;"web Authenticate";D14;action;à-porter
POST;/ai-search/templates;ai-search.templates.store;AiTemplateController;store;"web Authenticate";D14;crud;à-porter
DELETE;/ai-search/templates/{template};ai-search.templates.destroy;AiTemplateController;destroy;"web Authenticate";D14;crud;à-porter
GET;/ai-search/templates/{template}/download;ai-search.templates.download;AiTemplateController;download;"web Authenticate";D14;export;à-porter
GET;/ai-search/templates/{template}/preview;ai-search.templates.preview;AiTemplateController;preview;"web Authenticate";D14;action;à-porter
POST;/mails/{mail}/save-summary;mail.saveSummary;"Api\AiMailController";saveSummary;"web Authenticate";D14;action;à-porter
GET;/mails/{mail}/summarize;mail.summarize;"Api\AiMailController";summarize;"web Authenticate";D14;action;à-porter
POST;/api/records/{record}/ai/activity;api.records.ai.activity;"Api\AiRecordApplyController";saveActivity;"api web Authenticate RateLimitMiddleware:ai,30,60";D14;action;à-porter
POST;/api/records/{record}/ai/activity/suggest;api.records.ai.activity.suggest;"Api\AiRecordApplyController";suggestActivityCandidates;"api web Authenticate RateLimitMiddleware:ai,30,60";D14;action;à-porter
POST;/api/records/{record}/ai/keywords;api.records.ai.keywords;"Api\AiRecordApplyController";saveKeywords;"api web Authenticate RateLimitMiddleware:ai,30,60";D14;action;à-porter
POST;/api/records/{record}/ai/keywords/suggest;api.records.ai.keywords.suggest;"Api\AiRecordApplyController";suggestKeywords;"api web Authenticate RateLimitMiddleware:ai,30,60";D14;action;à-porter
POST;/api/records/{record}/ai/summary;api.records.ai.summary;"Api\AiRecordApplyController";saveSummary;"api web Authenticate RateLimitMiddleware:ai,30,60";D14;action;à-porter
POST;/api/records/{record}/ai/thesaurus;api.records.ai.thesaurus;"Api\AiRecordApplyController";saveThesaurus;"api web Authenticate RateLimitMiddleware:ai,30,60";D14;action;à-porter
POST;/api/records/{record}/ai/thesaurus/auto;api.records.ai.thesaurus.auto;"Api\AiRecordApplyController";autoSuggestThesaurus;"api web Authenticate RateLimitMiddleware:ai,30,60";D14;action;à-porter
POST;/api/records/{record}/ai/thesaurus/suggest;api.records.ai.thesaurus.suggest;"Api\AiRecordApplyController";suggestThesaurus;"api web Authenticate RateLimitMiddleware:ai,30,60";D14;action;à-porter
POST;/api/records/{record}/ai/thesaurus/suggest-json;api.records.ai.thesaurus.suggest_json;"Api\AiRecordApplyController";suggestThesaurusFromJson;"api web Authenticate RateLimitMiddleware:ai,30,60";D14;action;à-porter
POST;/api/records/{record}/ai/title;api.records.ai.title;"Api\AiRecordApplyController";saveTitle;"api web Authenticate RateLimitMiddleware:ai,30,60";D14;action;à-porter
GET;/api/prompts;api.prompts.index;PromptController;index;"api web Authenticate RateLimitMiddleware:ai,30,60";D14;crud;à-porter
GET;/api/prompts/{id};api.prompts.show;PromptController;show;"api web Authenticate RateLimitMiddleware:ai,30,60";D14;crud;à-porter
POST;/api/prompts/{id}/actions;api.prompts.actions;PromptController;actions;"api web Authenticate RateLimitMiddleware:ai,30,60";D14;action;à-porter
GET;/settings/prompts;settings.prompts.index;PromptManagementController;index;"web Authenticate";D14;crud;à-porter
POST;/settings/prompts;settings.prompts.store;PromptManagementController;store;"web Authenticate";D14;crud;à-porter
GET;/settings/prompts/create;settings.prompts.create;PromptManagementController;create;"web Authenticate";D14;vue;abandonné
GET;/settings/prompts/{prompt};settings.prompts.show;PromptManagementController;show;"web Authenticate";D14;crud;à-porter
PUT|PATCH;/settings/prompts/{prompt};settings.prompts.update;PromptManagementController;update;"web Authenticate";D14;crud;à-porter
DELETE;/settings/prompts/{prompt};settings.prompts.destroy;PromptManagementController;destroy;"web Authenticate";D14;crud;à-porter
GET;/settings/prompts/{prompt}/edit;settings.prompts.edit;PromptManagementController;edit;"web Authenticate";D14;vue;abandonné
POST;/api/public/document-requests;api.secure.public.document-requests.store;"Api\PublicDocumentRequestApiController";store;"api Authenticate:sanctum RateLimitMiddleware:api_general,200,60 RateLimitMiddleware:document_request,20,60";D15;crud;à-porter
GET;/api/public/records;api.public.records.index;"Api\PublicRecordApiController";index;"api RateLimitMiddleware:api_general,100,60 RateLimitMiddleware:search,50,60";D15;crud;à-porter
POST;/api/public/records;api.public.records.store;"Api\PublicRecordApiController";store;"api RateLimitMiddleware:api_general,100,60 RateLimitMiddleware:search,50,60";D15;crud;à-porter
GET;/api/public/records/{record};api.public.records.show;"Api\PublicRecordApiController";show;"api RateLimitMiddleware:api_general,100,60 RateLimitMiddleware:search,50,60";D15;crud;à-porter
PUT|PATCH;/api/public/records/{record};api.public.records.update;"Api\PublicRecordApiController";update;"api RateLimitMiddleware:api_general,100,60 RateLimitMiddleware:search,50,60";D15;crud;à-porter
DELETE;/api/public/records/{record};api.public.records.destroy;"Api\PublicRecordApiController";destroy;"api RateLimitMiddleware:api_general,100,60 RateLimitMiddleware:search,50,60";D15;crud;à-porter
POST;/api/public/responses;api.secure.public.responses.store;"Api\PublicResponseApiController";store;"api Authenticate:sanctum RateLimitMiddleware:api_general,200,60";D15;crud;à-porter
POST;/api/public/users;api.secure.public.users.store;"Api\PublicUserApiController";store;"api Authenticate:sanctum RateLimitMiddleware:api_general,200,60";D15;crud;à-porter
POST;/api/public/users/forgot-password;api.public.users.forgot-password;"Api\PublicUserApiController";forgotPassword;"api RateLimitMiddleware:api_general,100,60 RateLimitMiddleware:auth,3,60";D15;action;à-porter
POST;/api/public/users/login;api.public.users.login;"Api\PublicUserApiController";login;"api RateLimitMiddleware:api_general,100,60 RateLimitMiddleware:auth,5,60";D15;action;à-porter
POST;/api/public/users/register;api.public.users.register;"Api\PublicUserApiController";register;"api RateLimitMiddleware:api_general,100,60 RateLimitMiddleware:auth,3,60";D15;action;à-porter
POST;/api/public/users/reset-password;api.public.users.reset-password;"Api\PublicUserApiController";resetPassword;"api RateLimitMiddleware:api_general,100,60 RateLimitMiddleware:auth,3,60";D15;action;à-porter
POST;/api/public/users/verify-token;api.public.users.verify-token;"Api\PublicUserApiController";verifyToken;"api RateLimitMiddleware:api_general,100,60 RateLimitMiddleware:auth,10,60";D15;action;à-porter
GET;/opac/login;opac.login;"OPAC\AuthController";showLoginForm;"web HandleOpacErrors";D15;action;à-porter
POST;/opac/login;opac.;"OPAC\AuthController";login;"web HandleOpacErrors";D15;action;à-porter
POST;/opac/logout;opac.logout;"OPAC\AuthController";logout;"web HandleOpacErrors";D15;action;à-porter
GET;/opac/register;opac.register;"OPAC\AuthController";showRegistrationForm;"web HandleOpacErrors";D15;action;à-porter
POST;/opac/register;opac.;"OPAC\AuthController";register;"web HandleOpacErrors";D15;action;à-porter
GET;/public/configurations;public.configurations.index;"OPAC\ConfigurationController";index;"web Authenticate";D15;crud;à-porter
POST;/public/configurations/export;public.configurations.export;"OPAC\ConfigurationController";export;"web Authenticate";D15;export;à-porter
POST;/public/configurations/import;public.configurations.import;"OPAC\ConfigurationController";import;"web Authenticate";D15;upload;à-porter
GET;/public/configurations/{configuration};public.configurations.show;"OPAC\ConfigurationController";show;"web Authenticate";D15;crud;à-porter
PUT|PATCH;/public/configurations/{configuration};public.configurations.update;"OPAC\ConfigurationController";update;"web Authenticate";D15;crud;à-porter
POST;/public/configurations/{configuration}/reset;public.configurations.reset;"OPAC\ConfigurationController";reset;"web Authenticate";D15;action;à-porter
GET;/opac/dashboard;opac.dashboard;"OPAC\DashboardController";index;"web HandleOpacErrors Authenticate:public";D15;crud;à-porter
GET;/opac/dashboard/activity;opac.dashboard.activity;"OPAC\DashboardController";activity;"web HandleOpacErrors Authenticate:public";D15;action;à-porter
GET;/opac/dashboard/preferences;opac.dashboard.preferences;"OPAC\DashboardController";preferences;"web HandleOpacErrors Authenticate:public";D15;action;à-porter
PUT;/opac/dashboard/preferences;opac.dashboard.preferences.update;"OPAC\DashboardController";updatePreferences;"web HandleOpacErrors Authenticate:public";D15;action;à-porter
GET;/opac/dashboard/quick-actions;opac.dashboard.quick-actions;"OPAC\DashboardController";quickActions;"web HandleOpacErrors Authenticate:public";D15;action;à-porter
GET;/opac/digital/documents/{id};opac.digital.documents.show;"OPAC\DigitalDocumentController";show;"web HandleOpacErrors";D15;crud;à-porter
GET;/opac/digital/documents/{id}/download;opac.digital.documents.download;"OPAC\DigitalDocumentController";download;"web HandleOpacErrors";D15;export;à-porter
GET;/opac/digital/folders;opac.digital.folders.index;"OPAC\DigitalFolderController";index;"web HandleOpacErrors";D15;crud;à-porter
GET;/opac/digital/folders/{id};opac.digital.folders.show;"OPAC\DigitalFolderController";show;"web HandleOpacErrors";D15;crud;à-porter
GET;/opac/document-requests;opac.document-requests.index;"OPAC\DocumentRequestController";index;"web HandleOpacErrors Authenticate:public";D15;crud;à-porter
POST;/opac/document-requests;opac.document-requests.store;"OPAC\DocumentRequestController";store;"web HandleOpacErrors Authenticate:public";D15;crud;à-porter
GET;/opac/document-requests/create;opac.document-requests.create;"OPAC\DocumentRequestController";create;"web HandleOpacErrors Authenticate:public";D15;vue;abandonné
GET;/opac/document-requests/{documentRequest};opac.document-requests.show;"OPAC\DocumentRequestController";show;"web HandleOpacErrors Authenticate:public";D15;crud;à-porter
PUT;/opac/document-requests/{documentRequest};opac.document-requests.update;"OPAC\DocumentRequestController";update;"web HandleOpacErrors Authenticate:public";D15;crud;à-porter
POST;/opac/document-requests/{documentRequest}/cancel;opac.document-requests.cancel;"OPAC\DocumentRequestController";cancel;"web HandleOpacErrors Authenticate:public";D15;action;à-porter
GET;/opac/document-requests/{documentRequest}/edit;opac.document-requests.edit;"OPAC\DocumentRequestController";edit;"web HandleOpacErrors Authenticate:public";D15;vue;abandonné
GET;/opac/events;opac.events.index;"OPAC\EventController";index;"web HandleOpacErrors";D15;crud;à-porter
GET;/opac/events/{event};opac.events.show;"OPAC\EventController";show;"web HandleOpacErrors";D15;crud;à-porter
GET;/opac/feedback;opac.feedback.create;"OPAC\FeedbackController";create;"web HandleOpacErrors";D15;vue;abandonné
POST;/opac/feedback;opac.feedback.store;"OPAC\FeedbackController";store;"web HandleOpacErrors";D15;crud;à-porter
GET;/opac/feedback/success;opac.feedback.success;"OPAC\FeedbackController";success;"web HandleOpacErrors";D15;action;à-porter
GET;/opac/my-feedback;opac.feedback.my-feedback;"OPAC\FeedbackController";myFeedback;"web HandleOpacErrors Authenticate:public";D15;action;à-porter
GET;/opac/my-feedback/{id};opac.feedback.show;"OPAC\FeedbackController";show;"web HandleOpacErrors Authenticate:public";D15;crud;à-porter
GET;/opac/news;opac.news.index;"OPAC\NewsController";index;"web HandleOpacErrors";D15;crud;à-porter
GET;/opac/news/{news};opac.news.show;"OPAC\NewsController";show;"web HandleOpacErrors";D15;crud;à-porter
GET;/opac/pages;opac.pages.index;"OPAC\PageController";index;"web HandleOpacErrors";D15;crud;à-porter
GET;/opac/pages/{page};opac.pages.show;"OPAC\PageController";show;"web HandleOpacErrors";D15;crud;à-porter
GET;/opac/profile;opac.profile;"OPAC\ProfileController";show;"web HandleOpacErrors Authenticate:public";D15;crud;à-porter
PUT;/opac/profile;opac.profile.update;"OPAC\ProfileController";update;"web HandleOpacErrors Authenticate:public";D15;crud;à-porter
GET;/opac/records;opac.records.index;"OPAC\RecordController";index;"web HandleOpacErrors";D15;crud;à-porter
GET;/opac/records/autocomplete;opac.records.autocomplete;"OPAC\RecordController";autocomplete;"web HandleOpacErrors";D15;action;à-porter
GET;/opac/records/search;opac.records.search;"OPAC\RecordController";search;"web HandleOpacErrors";D15;action;à-porter
GET;/opac/records/{id};opac.records.show;"OPAC\RecordController";show;"web HandleOpacErrors";D15;crud;à-porter
GET;/opac/requests;opac.requests;"OPAC\RequestController";index;"web HandleOpacErrors Authenticate:public";D15;crud;à-porter
POST;/opac/requests;opac.requests.store;"OPAC\RequestController";store;"web HandleOpacErrors Authenticate:public";D15;crud;à-porter
GET;/opac/reservations;opac.reservations;"OPAC\ReservationController";index;"web HandleOpacErrors Authenticate:public";D15;crud;à-porter
POST;/opac/reservations;opac.reservations.store;"OPAC\ReservationController";store;"web HandleOpacErrors Authenticate:public";D15;crud;à-porter
GET;/opac/api/search;opac.api.search;"OPAC\SearchController";apiSearch;"web HandleOpacErrors";D15;action;à-porter
GET;/opac/search;opac.search;"OPAC\SearchController";index;"web HandleOpacErrors";D15;crud;à-porter
POST;/opac/search;opac.search.results;"OPAC\SearchController";search;"web HandleOpacErrors";D15;action;à-porter
GET;/opac/search/advanced;opac.search.index;"OPAC\SearchController";index;"web HandleOpacErrors";D15;crud;à-porter
GET;/opac/search/history;opac.search.history;"OPAC\SearchController";history;"web HandleOpacErrors Authenticate:public";D15;action;à-porter
POST;/opac/search/history/clear;opac.search.history.clear;"OPAC\SearchController";clearHistory;"web HandleOpacErrors Authenticate:public";D15;action;à-porter
DELETE;/opac/search/history/{searchId};opac.search.history.delete;"OPAC\SearchController";deleteSearch;"web HandleOpacErrors Authenticate:public";D15;action;à-porter
POST;/opac/search/save;opac.search.save;"OPAC\SearchController";saveSearch;"web HandleOpacErrors Authenticate:public";D15;action;à-porter
GET;/opac/search/suggestions;opac.search.suggestions;"OPAC\SearchController";suggestions;"web HandleOpacErrors";D15;action;à-porter
GET;/opac/templates;opac.templates.index;"OPAC\TemplateController";index;"web HandleOpacErrors";D15;crud;à-porter
POST;/opac/templates/apply;opac.templates.apply;"OPAC\TemplateController";apply;"web HandleOpacErrors Authenticate:public";D15;action;à-porter
POST;/opac/templates/save-customization;opac.templates.save-customization;"OPAC\TemplateController";saveCustomization;"web HandleOpacErrors Authenticate:public";D15;action;à-porter
GET;/opac/templates/{template};opac.templates.show;"OPAC\TemplateController";show;"web HandleOpacErrors";D15;crud;à-porter
GET;/opac/templates/{template}/customize;opac.templates.customize;"OPAC\TemplateController";customize;"web HandleOpacErrors Authenticate:public";D15;action;à-porter
GET;/opac/templates/{template}/preview;opac.templates.preview;"OPAC\TemplateController";preview;"web HandleOpacErrors";D15;action;à-porter
GET;/public/opac-templates;public.opac-templates.index;"OPAC\TemplateController";index;"web Authenticate";D15;crud;à-porter
POST;/public/opac-templates;public.opac-templates.store;"OPAC\TemplateController";store;"web Authenticate";D15;crud;à-porter
GET;/public/opac-templates/create;public.opac-templates.create;"OPAC\TemplateController";create;"web Authenticate";D15;vue;abandonné
GET;/public/opac-templates/{opac_template};public.opac-templates.show;"OPAC\TemplateController";show;"web Authenticate";D15;crud;à-porter
PUT|PATCH;/public/opac-templates/{opac_template};public.opac-templates.update;"OPAC\TemplateController";update;"web Authenticate";D15;crud;à-porter
DELETE;/public/opac-templates/{opac_template};public.opac-templates.destroy;"OPAC\TemplateController";destroy;"web Authenticate";D15;crud;à-porter
GET;/public/opac-templates/{opac_template}/edit;public.opac-templates.edit;"OPAC\TemplateController";edit;"web Authenticate";D15;vue;abandonné
POST;/public/opac-templates/{template}/duplicate;public.opac-templates.duplicate;"OPAC\TemplateController";duplicate;"web Authenticate";D15;action;à-porter
GET;/public/opac-templates/{template}/export;public.opac-templates.export;"OPAC\TemplateController";export;"web Authenticate";D15;export;à-porter
GET;/public/opac-templates/{template}/preview;public.opac-templates.preview;"OPAC\TemplateController";preview;"web Authenticate";D15;action;à-porter
GET;/public/chats;public.chats.index;PublicChatController;index;"web Authenticate";D15;crud;à-porter
POST;/public/chats;public.chats.store;PublicChatController;store;"web Authenticate";D15;crud;à-porter
GET;/public/chats/create;public.chats.create;PublicChatController;create;"web Authenticate";D15;vue;abandonné
GET;/public/chats/{chat};public.chats.show;PublicChatController;show;"web Authenticate";D15;crud;à-porter
PUT|PATCH;/public/chats/{chat};public.chats.update;PublicChatController;update;"web Authenticate";D15;crud;à-porter
DELETE;/public/chats/{chat};public.chats.destroy;PublicChatController;destroy;"web Authenticate";D15;crud;à-porter
GET;/public/chats/{chat}/edit;public.chats.edit;PublicChatController;edit;"web Authenticate";D15;vue;abandonné
GET;/public/chats/{chat}/messages;public.chats.messages.index;PublicChatMessageController;index;"web Authenticate";D15;crud;à-porter
POST;/public/chats/{chat}/messages;public.chats.messages.store;PublicChatMessageController;store;"web Authenticate";D15;crud;à-porter
GET;/public/chats/{chat}/messages/create;public.chats.messages.create;PublicChatMessageController;create;"web Authenticate";D15;vue;abandonné
GET;/public/chats/{chat}/messages/{message};public.chats.messages.show;PublicChatMessageController;show;"web Authenticate";D15;crud;à-porter
PUT|PATCH;/public/chats/{chat}/messages/{message};public.chats.messages.update;PublicChatMessageController;update;"web Authenticate";D15;crud;à-porter
DELETE;/public/chats/{chat}/messages/{message};public.chats.messages.destroy;PublicChatMessageController;destroy;"web Authenticate";D15;crud;à-porter
GET;/public/chats/{chat}/messages/{message}/edit;public.chats.messages.edit;PublicChatMessageController;edit;"web Authenticate";D15;vue;abandonné
GET;/public/chat-participants;public.chat-participants.index;PublicChatParticipantController;index;"web Authenticate";D15;crud;à-porter
POST;/public/chat-participants;public.chat-participants.store;PublicChatParticipantController;store;"web Authenticate";D15;crud;à-porter
GET;/public/chat-participants/create;public.chat-participants.create;PublicChatParticipantController;create;"web Authenticate";D15;vue;abandonné
GET;/public/chat-participants/{chat_participant};public.chat-participants.show;PublicChatParticipantController;show;"web Authenticate";D15;crud;à-porter
PUT|PATCH;/public/chat-participants/{chat_participant};public.chat-participants.update;PublicChatParticipantController;update;"web Authenticate";D15;crud;à-porter
DELETE;/public/chat-participants/{chat_participant};public.chat-participants.destroy;PublicChatParticipantController;destroy;"web Authenticate";D15;crud;à-porter
GET;/public/chat-participants/{chat_participant}/edit;public.chat-participants.edit;PublicChatParticipantController;edit;"web Authenticate";D15;vue;abandonné
GET;/public/document-requests;public.document-requests.index;PublicDocumentRequestController;index;"web Authenticate";D15;crud;à-porter
POST;/public/document-requests;public.document-requests.store;PublicDocumentRequestController;store;"web Authenticate";D15;crud;à-porter
GET;/public/document-requests/create;public.document-requests.create;PublicDocumentRequestController;create;"web Authenticate";D15;vue;abandonné
GET;/public/document-requests/{document_request};public.document-requests.show;PublicDocumentRequestController;show;"web Authenticate";D15;crud;à-porter
PUT|PATCH;/public/document-requests/{document_request};public.document-requests.update;PublicDocumentRequestController;update;"web Authenticate";D15;crud;à-porter
DELETE;/public/document-requests/{document_request};public.document-requests.destroy;PublicDocumentRequestController;destroy;"web Authenticate";D15;crud;à-porter
GET;/public/document-requests/{document_request}/edit;public.document-requests.edit;PublicDocumentRequestController;edit;"web Authenticate";D15;vue;abandonné
GET;/public/events;public.events.index;PublicEventController;index;"web Authenticate CheckPermissionMiddleware:public.events.manage";D15;crud;à-porter
POST;/public/events;public.events.store;PublicEventController;store;"web Authenticate CheckPermissionMiddleware:public.events.manage";D15;crud;à-porter
POST;/public/events/bulk-action;public.events.bulk-action;PublicEventController;bulkAction;"web Authenticate CheckPermissionMiddleware:public.events.manage";D15;action;à-porter
GET;/public/events/create;public.events.create;PublicEventController;create;"web Authenticate CheckPermissionMiddleware:public.events.manage";D15;vue;abandonné
GET;/public/events/{event};public.events.show;PublicEventController;show;"web Authenticate CheckPermissionMiddleware:public.events.manage";D15;crud;à-porter
PUT|PATCH;/public/events/{event};public.events.update;PublicEventController;update;"web Authenticate CheckPermissionMiddleware:public.events.manage";D15;crud;à-porter
DELETE;/public/events/{event};public.events.destroy;PublicEventController;destroy;"web Authenticate CheckPermissionMiddleware:public.events.manage";D15;crud;à-porter
GET;/public/events/{event}/edit;public.events.edit;PublicEventController;edit;"web Authenticate CheckPermissionMiddleware:public.events.manage";D15;vue;abandonné
GET;/public/events/{event}/export-registrations;public.events.export-registrations;PublicEventController;exportRegistrations;"web Authenticate CheckPermissionMiddleware:public.events.manage";D15;export;à-porter
GET;/public/events/{event}/registrations;public.events.registrations;PublicEventController;registrations;"web Authenticate CheckPermissionMiddleware:public.events.manage";D15;action;à-porter
POST;/public/events/{event}/registrations/{registration}/status;public.events.registrations.status;PublicEventController;updateRegistrationStatus;"web Authenticate CheckPermissionMiddleware:public.events.manage";D15;action;à-porter
GET;/public/event-registrations;public.event-registrations.index;PublicEventRegistrationController;index;"web Authenticate";D15;crud;à-porter
POST;/public/event-registrations;public.event-registrations.store;PublicEventRegistrationController;store;"web Authenticate";D15;crud;à-porter
GET;/public/event-registrations/create;public.event-registrations.create;PublicEventRegistrationController;create;"web Authenticate";D15;vue;abandonné
GET;/public/event-registrations/{event_registration};public.event-registrations.show;PublicEventRegistrationController;show;"web Authenticate";D15;crud;à-porter
PUT|PATCH;/public/event-registrations/{event_registration};public.event-registrations.update;PublicEventRegistrationController;update;"web Authenticate";D15;crud;à-porter
DELETE;/public/event-registrations/{event_registration};public.event-registrations.destroy;PublicEventRegistrationController;destroy;"web Authenticate";D15;crud;à-porter
GET;/public/event-registrations/{event_registration}/edit;public.event-registrations.edit;PublicEventRegistrationController;edit;"web Authenticate";D15;vue;abandonné
GET;/public/feedback;public.feedback.index;PublicFeedbackController;index;"web Authenticate";D15;crud;à-porter
POST;/public/feedback;public.feedback.store;PublicFeedbackController;store;"web Authenticate";D15;crud;à-porter
GET;/public/feedback/create;public.feedback.create;PublicFeedbackController;create;"web Authenticate";D15;vue;abandonné
GET;/public/feedback/{feedback};public.feedback.show;PublicFeedbackController;show;"web Authenticate";D15;crud;à-porter
PUT|PATCH;/public/feedback/{feedback};public.feedback.update;PublicFeedbackController;update;"web Authenticate";D15;crud;à-porter
DELETE;/public/feedback/{feedback};public.feedback.destroy;PublicFeedbackController;destroy;"web Authenticate";D15;crud;à-porter
POST;/public/feedback/{feedback}/comments;public.feedback.add-comment;PublicFeedbackController;addComment;"web Authenticate";D15;action;à-porter
DELETE;/public/feedback/{feedback}/comments/{comment};public.feedback.delete-comment;PublicFeedbackController;deleteComment;"web Authenticate";D15;action;à-porter
GET;/public/feedback/{feedback}/edit;public.feedback.edit;PublicFeedbackController;edit;"web Authenticate";D15;vue;abandonné
PUT;/public/feedback/{feedback}/status;public.feedback.update-status;PublicFeedbackController;updateStatus;"web Authenticate";D15;action;à-porter
GET;/public/news;public.news.index;PublicNewsController;index;"web Authenticate";D15;crud;à-porter
POST;/public/news;public.news.store;PublicNewsController;store;"web Authenticate";D15;crud;à-porter
GET;/public/news/create;public.news.create;PublicNewsController;create;"web Authenticate";D15;vue;abandonné
GET;/public/news/{news};public.news.show;PublicNewsController;show;"web Authenticate";D15;crud;à-porter
PUT|PATCH;/public/news/{news};public.news.update;PublicNewsController;update;"web Authenticate";D15;crud;à-porter
DELETE;/public/news/{news};public.news.destroy;PublicNewsController;destroy;"web Authenticate";D15;crud;à-porter
GET;/public/news/{news}/edit;public.news.edit;PublicNewsController;edit;"web Authenticate";D15;vue;abandonné
GET;/public/pages;public.pages.index;PublicPageController;index;"web Authenticate CheckPermissionMiddleware:public.pages.manage";D15;crud;à-porter
POST;/public/pages;public.pages.store;PublicPageController;store;"web Authenticate CheckPermissionMiddleware:public.pages.manage";D15;crud;à-porter
POST;/public/pages/bulk-action;public.pages.bulk-action;PublicPageController;bulkAction;"web Authenticate CheckPermissionMiddleware:public.pages.manage";D15;action;à-porter
GET;/public/pages/create;public.pages.create;PublicPageController;create;"web Authenticate CheckPermissionMiddleware:public.pages.manage";D15;vue;abandonné
POST;/public/pages/reorder;public.pages.reorder;PublicPageController;reorder;"web Authenticate CheckPermissionMiddleware:public.pages.manage";D15;action;à-porter
GET;/public/pages/{page};public.pages.show;PublicPageController;show;"web Authenticate CheckPermissionMiddleware:public.pages.manage";D15;crud;à-porter
PUT|PATCH;/public/pages/{page};public.pages.update;PublicPageController;update;"web Authenticate CheckPermissionMiddleware:public.pages.manage";D15;crud;à-porter
DELETE;/public/pages/{page};public.pages.destroy;PublicPageController;destroy;"web Authenticate CheckPermissionMiddleware:public.pages.manage";D15;crud;à-porter
GET;/public/pages/{page}/edit;public.pages.edit;PublicPageController;edit;"web Authenticate CheckPermissionMiddleware:public.pages.manage";D15;vue;abandonné
GET;/public/records;public.records.index;PublicRecordController;index;"web Authenticate";D15;crud;à-porter
POST;/public/records;public.records.store;PublicRecordController;store;"web Authenticate";D15;crud;à-porter
GET;/public/records/autocomplete;public.records.autocomplete;PublicRecordController;autocomplete;"web Authenticate";D15;action;à-porter
GET;/public/records/create;public.records.create;PublicRecordController;create;"web Authenticate";D15;vue;abandonné
GET;/public/records/{record};public.records.show;PublicRecordController;show;"web Authenticate";D15;crud;à-porter
PUT|PATCH;/public/records/{record};public.records.update;PublicRecordController;update;"web Authenticate";D15;crud;à-porter
DELETE;/public/records/{record};public.records.destroy;PublicRecordController;destroy;"web Authenticate";D15;crud;à-porter
GET;/public/records/{record}/edit;public.records.edit;PublicRecordController;edit;"web Authenticate";D15;vue;abandonné
GET;/public/response-attachments;public.response-attachments.index;PublicResponseAttachmentController;index;"web Authenticate";D15;crud;à-porter
POST;/public/response-attachments;public.response-attachments.store;PublicResponseAttachmentController;store;"web Authenticate";D15;crud;à-porter
GET;/public/response-attachments/create;public.response-attachments.create;PublicResponseAttachmentController;create;"web Authenticate";D15;vue;abandonné
GET;/public/response-attachments/{response_attachment};public.response-attachments.show;PublicResponseAttachmentController;show;"web Authenticate";D15;crud;à-porter
PUT|PATCH;/public/response-attachments/{response_attachment};public.response-attachments.update;PublicResponseAttachmentController;update;"web Authenticate";D15;crud;à-porter
DELETE;/public/response-attachments/{response_attachment};public.response-attachments.destroy;PublicResponseAttachmentController;destroy;"web Authenticate";D15;crud;à-porter
GET;/public/response-attachments/{response_attachment}/edit;public.response-attachments.edit;PublicResponseAttachmentController;edit;"web Authenticate";D15;vue;abandonné
GET;/public/responses;public.responses.index;PublicResponseController;index;"web Authenticate";D15;crud;à-porter
POST;/public/responses;public.responses.store;PublicResponseController;store;"web Authenticate";D15;crud;à-porter
GET;/public/responses/create;public.responses.create;PublicResponseController;create;"web Authenticate";D15;vue;abandonné
GET;/public/responses/{response};public.responses.show;PublicResponseController;show;"web Authenticate";D15;crud;à-porter
PUT|PATCH;/public/responses/{response};public.responses.update;PublicResponseController;update;"web Authenticate";D15;crud;à-porter
DELETE;/public/responses/{response};public.responses.destroy;PublicResponseController;destroy;"web Authenticate";D15;crud;à-porter
GET;/public/responses/{response}/edit;public.responses.edit;PublicResponseController;edit;"web Authenticate";D15;vue;abandonné
GET;/public/search-logs;public.search-logs.index;PublicSearchLogController;index;"web Authenticate";D15;crud;à-porter
GET;/public/search-logs/{search_log};public.search-logs.show;PublicSearchLogController;show;"web Authenticate";D15;crud;à-porter
GET;/public/templates;public.templates.index;PublicTemplateController;index;"web Authenticate";D15;crud;à-porter
POST;/public/templates;public.templates.store;PublicTemplateController;store;"web Authenticate";D15;crud;à-porter
GET;/public/templates/create;public.templates.create;PublicTemplateController;create;"web Authenticate";D15;vue;abandonné
GET;/public/templates/{template};public.templates.show;PublicTemplateController;show;"web Authenticate";D15;crud;à-porter
PUT|PATCH;/public/templates/{template};public.templates.update;PublicTemplateController;update;"web Authenticate";D15;crud;à-porter
DELETE;/public/templates/{template};public.templates.destroy;PublicTemplateController;destroy;"web Authenticate";D15;crud;à-porter
GET;/public/templates/{template}/edit;public.templates.edit;PublicTemplateController;edit;"web Authenticate";D15;vue;abandonné
GET;/public/dashboard;public.dashboard;PublicUserController;dashboard;"web Authenticate";D15;action;à-porter
GET;/public/statistics;public.statistics;PublicUserController;statistics;"web Authenticate";D15;action;à-porter
GET;/public/users;public.users.index;PublicUserController;index;"web Authenticate";D15;crud;à-porter
POST;/public/users;public.users.store;PublicUserController;store;"web Authenticate";D15;crud;à-porter
GET;/public/users/create;public.users.create;PublicUserController;create;"web Authenticate";D15;vue;abandonné
GET;/public/users/{user};public.users.show;PublicUserController;show;"web Authenticate";D15;crud;à-porter
PUT|PATCH;/public/users/{user};public.users.update;PublicUserController;update;"web Authenticate";D15;crud;à-porter
DELETE;/public/users/{user};public.users.destroy;PublicUserController;destroy;"web Authenticate";D15;crud;à-porter
PATCH;/public/users/{user}/activate;public.users.activate;PublicUserController;activate;"web Authenticate";D15;action;à-porter
PATCH;/public/users/{user}/deactivate;public.users.deactivate;PublicUserController;deactivate;"web Authenticate";D15;action;à-porter
GET;/public/users/{user}/edit;public.users.edit;PublicUserController;edit;"web Authenticate";D15;vue;abandonné
GET;/settings/backups;backups.index;BackupController;index;"web Authenticate";D16;crud;à-porter
POST;/settings/backups;backups.store;BackupController;store;"web Authenticate";D16;crud;à-porter
GET;/settings/backups/create;backups.create;BackupController;create;"web Authenticate";D16;vue;abandonné
GET;/settings/backups/{backup};backups.show;BackupController;show;"web Authenticate";D16;crud;à-porter
PUT|PATCH;/settings/backups/{backup};backups.update;BackupController;update;"web Authenticate";D16;crud;à-porter
DELETE;/settings/backups/{backup};backups.destroy;BackupController;destroy;"web Authenticate";D16;crud;à-porter
GET;/settings/backups/{backup}/edit;backups.edit;BackupController;edit;"web Authenticate";D16;vue;abandonné
GET;/settings/backups/{backup}/files;backups.files.index;BackupFileController;index;"web Authenticate";D16;crud;à-porter
POST;/settings/backups/{backup}/files;backups.files.store;BackupFileController;store;"web Authenticate";D16;crud;à-porter
GET;/settings/backups/{backup}/files/create;backups.files.create;BackupFileController;create;"web Authenticate";D16;vue;abandonné
GET;/settings/backups/{backup}/files/{file};backups.files.show;BackupFileController;show;"web Authenticate";D16;crud;à-porter
PUT|PATCH;/settings/backups/{backup}/files/{file};backups.files.update;BackupFileController;update;"web Authenticate";D16;crud;à-porter
DELETE;/settings/backups/{backup}/files/{file};backups.files.destroy;BackupFileController;destroy;"web Authenticate";D16;crud;à-porter
GET;/settings/backups/{backup}/files/{file}/edit;backups.files.edit;BackupFileController;edit;"web Authenticate";D16;vue;abandonné
GET;/settings/backups/{backup}/plannings;backups.plannings.index;BackupPlanningController;index;"web Authenticate";D16;crud;à-porter
POST;/settings/backups/{backup}/plannings;backups.plannings.store;BackupPlanningController;store;"web Authenticate";D16;crud;à-porter
GET;/settings/backups/{backup}/plannings/create;backups.plannings.create;BackupPlanningController;create;"web Authenticate";D16;vue;abandonné
GET;/settings/backups/{backup}/plannings/{planning};backups.plannings.show;BackupPlanningController;show;"web Authenticate";D16;crud;à-porter
PUT|PATCH;/settings/backups/{backup}/plannings/{planning};backups.plannings.update;BackupPlanningController;update;"web Authenticate";D16;crud;à-porter
DELETE;/settings/backups/{backup}/plannings/{planning};backups.plannings.destroy;BackupPlanningController;destroy;"web Authenticate";D16;crud;à-porter
GET;/settings/backups/{backup}/plannings/{planning}/edit;backups.plannings.edit;BackupPlanningController;edit;"web Authenticate";D16;vue;abandonné
GET;/tools/barcode;barcode.create;BarcodeController;create;"web Authenticate";D16;vue;abandonné
GET;/tools/barcodes;barcode.index;BarcodeController;index;"web Authenticate";D16;crud;à-porter
POST;/tools/barcodes/generate;barcode.generate;BarcodeController;generate;"web Authenticate";D16;action;à-porter
POST;/tools/barcodes/preview;barcode.preview;BarcodeController;preview;"web Authenticate";D16;action;à-porter
GET;/settings/logs;logs.index;LogController;index;"web Authenticate";D16;crud;à-porter
GET;/settings/logs/{log};logs.show;LogController;show;"web Authenticate";D16;crud;à-porter
GET;/new-feature;;NewFeatureController;index;web;D16;crud;à-porter
GET;/pdf/thumbnail/{id};pdf.thumbnail;PDFController;thumbnail;web;D16;export;à-porter
GET;/communications/phantom/{communication}/generate;communications.phantom.generate;PhantomController;generatePhantom;"web Authenticate";D16;action;à-porter
GET;/communications/phantom/{communication}/preview;communications.phantom.preview;PhantomController;previewPhantom;"web Authenticate";D16;action;à-porter
POST;/admin/rate-limit/clear;admin.rate-limit.clear;RateLimitController;clearLimits;"web Authenticate";D16;action;à-porter
GET;/admin/rate-limit/dashboard;admin.rate-limit.dashboard;RateLimitController;dashboard;"web Authenticate";D16;action;à-porter
GET;/admin/rate-limit/user-stats;admin.rate-limit.user-stats;RateLimitController;userStats;"web Authenticate";D16;action;à-porter
GET;/reports;report.dashboard;ReportController;dashboard;"web Authenticate";D16;action;à-porter
GET;/reports/communications;report.statistics.communications;ReportController;statisticsCommunications;"web Authenticate";D16;action;à-porter
GET;/reports/deposits;report.statistics.deposits;ReportController;statisticsDeposits;"web Authenticate";D16;action;à-porter
GET;/reports/dollies;report.statistics.dollies;ReportController;statisticsDollies;"web Authenticate";D16;action;à-porter
GET;/reports/mails;report.statistics.mails;ReportController;statisticsMails;"web Authenticate";D16;action;à-porter
GET;/reports/repositories;report.statistics.repositories;ReportController;statisticsRepositories;"web Authenticate";D16;action;à-porter
GET;/reports/tools;report.statistics.tools;ReportController;statisticsTools;"web Authenticate";D16;action;à-porter
GET;/reports/transferrings;report.statistics.transferrings;ReportController;statisticsTransferrings;"web Authenticate";D16;action;à-porter
GET;/repositories/records/{record}/export/seda;records.export.seda;SEDAExportController;exportRecord;"web Authenticate";D16;export;à-porter
GET;/transferrings/slips/{slip}/export/seda;slips.export.seda;SEDAExportController;exportSlip;"web Authenticate";D16;export;à-porter
GET;/settings/api/system/updates/changelog/{version};api.system.updates.changelog;SystemUpdateController;getChangelog;"web Authenticate";D16;action;à-porter
GET;/settings/api/system/updates/progress;api.system.updates.progress;SystemUpdateController;getUpdateProgress;"web Authenticate";D16;action;à-porter
GET;/settings/api/system/updates/versions;api.system.updates.versions;SystemUpdateController;getVersions;"web Authenticate";D16;action;à-porter
GET;/settings/system/updates;system.updates.index;SystemUpdateController;index;"web Authenticate";D16;crud;à-porter
POST;/settings/system/updates/check;system.updates.check;SystemUpdateController;checkVersions;"web Authenticate";D16;action;à-porter
GET;/settings/system/updates/history;system.updates.history;SystemUpdateController;history;"web Authenticate";D16;action;à-porter
POST;/settings/system/updates/rollback;system.updates.rollback;SystemUpdateController;rollback;"web Authenticate";D16;action;à-porter
POST;/settings/system/updates/update/{version};system.updates.update;SystemUpdateController;updateToVersion;"web Authenticate";D16;action;à-porter
GET;/api/containers;api.containers;Closure;;"web Authenticate";—;framework;hors-périmètre
GET;/api/organisations;;Closure;;"web Authenticate";—;framework;hors-périmètre
GET;/api/organisations/{organisation}/users;;Closure;;"web Authenticate";—;framework;hors-périmètre
GET;/mails/organisations/list;;Closure;;"web Authenticate";—;framework;hors-périmètre
GET;/mails/organisations/{organisation}/users;;Closure;;"web Authenticate";—;framework;hors-périmètre
GET;/opac;opac.index;Closure;;"web HandleOpacErrors";—;framework;hors-périmètre
GET;/public/test-editors;public.test-editors;Closure;;"web Authenticate";—;framework;hors-périmètre
GET;/repositories/attachments/{attachment}/download;attachments.download;Closure;;"web Authenticate";—;framework;hors-périmètre
GET;/repositories/keywords/manage;keywords.manage;Closure;;"web Authenticate";—;framework;hors-périmètre
GET;/up;;Closure;;;—;framework;hors-périmètre
GET;/docs/asset/{asset};l5-swagger.default.asset;"L5Swagger\Http\Controllers\SwaggerAssetController";index;Config;—;framework;hors-périmètre
GET;/api/documentation;l5-swagger.default.api;"L5Swagger\Http\Controllers\SwaggerController";api;Config;—;framework;hors-périmètre
GET;/api/oauth2-callback;l5-swagger.default.oauth2_callback;"L5Swagger\Http\Controllers\SwaggerController";oauth2Callback;Config;—;framework;hors-périmètre
GET;/docs;l5-swagger.default.docs;"L5Swagger\Http\Controllers\SwaggerController";docs;Config;—;framework;hors-périmètre
GET;/_dusk/login/{userId}/{guard?};dusk.login;"Laravel\Dusk\Http\Controllers\UserController";login;web;—;framework;hors-périmètre
GET;/_dusk/logout/{guard?};dusk.logout;"Laravel\Dusk\Http\Controllers\UserController";logout;web;—;framework;hors-périmètre
GET;/_dusk/user/{guard?};dusk.user;"Laravel\Dusk\Http\Controllers\UserController";user;web;—;framework;hors-périmètre
GET;/sanctum/csrf-cookie;sanctum.csrf-cookie;"Laravel\Sanctum\Http\Controllers\CsrfCookieController";show;web;—;framework;hors-périmètre
POST;/_ignition/execute-solution;ignition.executeSolution;"Spatie\LaravelIgnition\Http\Controllers\ExecuteSolutionController";;RunnableSolutionsEnabled;—;framework;hors-périmètre
GET;/_ignition/health-check;ignition.healthCheck;"Spatie\LaravelIgnition\Http\Controllers\HealthCheckController";;RunnableSolutionsEnabled;—;framework;hors-périmètre
POST;/_ignition/update-config;ignition.updateConfig;"Spatie\LaravelIgnition\Http\Controllers\UpdateConfigController";;RunnableSolutionsEnabled;—;framework;hors-périmètre
